avg_fitness,fitness_1,fitness_2,fitness_3,time,num_iter,num_ants,alpha,beta,Q
1.0538933139813755,1.0451443213909832,1.0595480319128168,1.0569875886403266,39095.393365859985,200,15,0.1,0.1,0.1
1.0552499323509335,1.0463897714530666,1.062928217234235,1.0564318083654987,39095.393365859985,200,15,0.1,0.1,0.6
1.0548714883098766,1.047686034147891,1.063070762636495,1.0538576681452434,39095.393365859985,200,15,0.1,0.1,1.1
1.0561179724519738,1.045879482885963,1.0655014716263376,1.0569729628436206,39095.393365859985,200,15,0.1,0.1,1.6
1.0539565031368079,1.046814651552371,1.0574383599593684,1.0576164978986844,39095.393365859985,200,15,0.1,0.1,2.1
1.0549940806164555,1.0462849028280474,1.0636421837707721,1.0550551552505467,39095.393365859985,200,15,0.1,0.1,2.6
1.0552634982908942,1.0452729746526046,1.0639632208071665,1.0565542994129113,39095.393365859985,200,15,0.1,0.1,3.1
1.0554829489846473,1.0462557125922172,1.0635876446603423,1.0566054897013823,39095.393365859985,200,15,0.1,0.1,3.6
1.0547972239808872,1.0472492617302855,1.063440141157134,1.053702269055242,39095.393365859985,200,15,0.1,0.6,0.1
1.0530534338437267,1.0479519896298986,1.0576230492196879,1.053585262681594,39095.393365859985,200,15,0.1,0.6,0.6
1.0514490989822158,1.0447713350442656,1.053261159910531,1.0563148019918507,39095.393365859985,200,15,0.1,0.6,1.1
1.0538685735117317,1.0453951411951528,1.0613217925270264,1.0548887868130161,39095.393365859985,200,15,0.1,0.6,1.6
1.0541607588744395,1.0455151454980098,1.063016223526065,1.053950907599244,39095.393365859985,200,15,0.1,0.6,2.1
1.0513240918511808,1.043370203724422,1.0573020121832934,1.0533000596458273,39095.393365859985,200,15,0.1,0.6,2.6
1.0525788883979443,1.0440491469874325,1.05861590893456,1.055071609271841,39095.393365859985,200,15,0.1,0.6,3.1
1.0517401837138889,1.0466524835755373,1.0513684048735654,1.0571996626925635,39095.393365859985,200,15,0.1,0.6,3.6
1.0538714579572057,1.0466870794105951,1.0591774138669408,1.0557498805940815,39095.393365859985,200,15,0.1,1.1,0.1
1.0534941271407272,1.045134591312373,1.0607825990489124,1.054565191060896,39095.393365859985,200,15,0.1,1.1,0.6
1.0548145566246208,1.046648159096155,1.0609486954306762,1.0568468153470314,39095.393365859985,200,15,0.1,1.1,1.1
1.055532438808699,1.046111923652758,1.063353374390541,1.0571320183827981,39095.393365859985,200,15,0.1,1.1,1.6
1.0538324158850063,1.0445897069102117,1.060689634656134,1.0562179060886734,39095.393365859985,200,15,0.1,1.1,2.1
1.0532002696212013,1.0444556480493625,1.0591228747565107,1.0560222860577309,39095.393365859985,200,15,0.1,1.1,2.6
1.0541169565394883,1.0451399969116009,1.061482930807842,1.0557279418990226,39095.393365859985,200,15,0.1,1.1,3.1
1.0520228392810178,1.0439367105234945,1.0567256329480683,1.0554061743714906,39095.393365859985,200,15,0.1,1.1,3.6
1.0551836002304764,1.0456502854787046,1.064092131431819,1.0558083837809056,39095.393365859985,200,15,0.1,1.6,0.1
1.0528326868737912,1.0452945970495158,1.056890489804595,1.0563129737672625,39095.393365859985,200,15,0.1,1.6,0.6
1.0533852948722062,1.045705422590828,1.0590150360608879,1.0554354259649026,39095.393365859985,200,15,0.1,1.6,1.1
1.0531519226095696,1.0454762251835696,1.057966397710349,1.0560131449347896,39095.393365859985,200,15,0.1,1.6,1.6
1.0526605502173731,1.0432793896573949,1.060517340648185,1.0541849203465399,39095.393365859985,200,15,0.1,1.6,2.1
1.0540208542932328,1.0447594427259643,1.0599645123924635,1.0573386077612705,39095.393365859985,200,15,0.1,1.6,2.6
1.0526099166541152,1.0453681131990138,1.0576094144420805,1.054852222321251,39095.393365859985,200,15,0.1,1.6,3.1
1.053117031247196,1.0453302740044192,1.0580296134974383,1.0559912062397305,39095.393365859985,200,15,0.1,1.6,3.6
1.0518814265908196,1.0453983845546895,1.0554613172062837,1.0547845780114857,39095.393365859985,200,15,0.1,2.1,0.1
1.0519094933951785,1.045203782982489,1.0565372251120375,1.053987472091009,39095.393365859985,200,15,0.1,2.1,0.6
1.0524310841456959,1.0434923702669698,1.0574495156865018,1.0563513664836157,39095.393365859985,200,15,0.1,2.1,1.1
1.0537093934715351,1.045823264653994,1.0610614922272472,1.054243423533364,39095.393365859985,200,15,0.1,2.1,1.6
1.0547723246199245,1.0466665381335294,1.06032645376168,1.0573239819645643,39095.393365859985,200,15,0.1,2.1,2.1
1.0540657613878333,1.0454546027866585,1.0612176724071147,1.0555250089697268,39095.393365859985,200,15,0.1,2.1,2.6
1.0546798923633596,1.0454286559103652,1.0624150537860988,1.0561959673936145,39095.393365859985,200,15,0.1,2.1,3.1
1.0514808026278153,1.0464492330445723,1.0530330872669151,1.0549600875719578,39095.393365859985,200,15,0.1,2.1,3.6
1.0515892512708054,1.045676232354998,1.0542118757673435,1.0548796456900749,39095.393365859985,200,15,0.1,2.6,0.1
1.0524675721012633,1.0457627219426426,1.0569797356216621,1.0546602587394849,39095.393365859985,200,15,0.1,2.6,0.6
1.0526101462044728,1.0460513809414067,1.0568409087951134,1.0549381488768987,39095.393365859985,200,15,0.1,2.6,1.1
1.0518725599167802,1.042493415529674,1.0569648613188176,1.0561594029018495,39095.393365859985,200,15,0.1,2.6,1.6
1.0538440900423403,1.0453464908021026,1.0603115794588356,1.0558741998660826,39095.393365859985,200,15,0.1,2.6,2.1
1.0520049366065733,1.0456967736320635,1.0555480839728768,1.0547699522147798,39095.393365859985,200,15,0.1,2.6,2.6
1.0542766348986052,1.046354094498163,1.0601628364303903,1.0563129737672625,39095.393365859985,200,15,0.1,2.6,3.1
1.0530827424600935,1.0447194412916787,1.0595083671052314,1.05502041898337,39095.393365859985,200,15,0.1,2.6,3.6
1.052180808899845,1.0448664735906747,1.0580742364059719,1.0536017167028884,39095.393365859985,200,15,0.1,3.1,0.1
1.051637001161672,1.0437561635092862,1.0563922006593034,1.0547626393164269,39095.393365859985,200,15,0.1,3.1,0.6
1.0524699419665948,1.0461011124543025,1.0577234507638884,1.053585262681594,39095.393365859985,200,15,0.1,3.1,1.1
1.051427856659455,1.0445637600339184,1.0549407166067253,1.054779093337721,39095.393365859985,200,15,0.1,3.1,1.6
1.0533098235996057,1.0460265151849588,1.0582700813934247,1.0556328742204335,39095.393365859985,200,15,0.1,3.1,2.1
1.0520049228672343,1.0454891986217163,1.056662417160979,1.053863152819008,39095.393365859985,200,15,0.1,3.1,2.6
1.055003424003562,1.0459313766385498,1.0617494287338063,1.0573294666383293,39095.393365859985,200,15,0.1,3.1,3.1
1.0520269637545632,1.0470330377611738,1.0532760342133756,1.0557718192891405,39095.393365859985,200,15,0.1,3.1,3.6
1.0511701748941664,1.0436469704048847,1.0563587334779032,1.053504820799711,39095.393365859985,200,15,0.1,3.6,0.1
1.0483919002055366,1.0462211167571593,1.0446526571392625,1.0543019267201879,39095.393365859985,200,15,0.1,3.6,0.6
1.0517653275324232,1.0460470564620246,1.0540036355275202,1.0552452906077248,39095.393365859985,200,15,0.1,3.6,1.1
1.0523310080787878,1.0463238231424874,1.0568334716436911,1.0538357294501843,39095.393365859985,200,15,0.1,3.6,1.6
1.051805556390426,1.0455540658124498,1.0543321097153369,1.0555304936434917,39095.393365859985,200,15,0.1,3.6,2.1
1.0532077801759299,1.0458319136127583,1.0565917642224676,1.0571996626925635,39095.393365859985,200,15,0.1,3.6,2.6
1.0512099545725047,1.0464200428087422,1.05589886961496,1.0513109512938117,39095.393365859985,200,15,0.1,3.6,3.1
1.0533601331832287,1.0459443500766965,1.060038883906686,1.054097165566304,39095.393365859985,200,15,0.1,3.6,3.6
1.0530749069227097,1.0454416293485118,1.0580990269107127,1.0556840645089045,39095.393365859985,200,15,0.6,0.1,0.1
1.0549699207376626,1.0464416652056534,1.0621039329516009,1.0563641640557335,39095.393365859985,200,15,0.6,0.1,0.6
1.0533120544846415,1.0457843443395538,1.0584659263808776,1.055685892733493,39095.393365859985,200,15,0.6,0.1,1.1
1.0530477816656674,1.0454546027866585,1.057485461918376,1.0562032802919674,39095.393365859985,200,15,0.6,0.1,1.6
1.0543649327319118,1.0457021792312913,1.0624398442908398,1.0549527746736047,39095.393365859985,200,15,0.6,0.1,2.1
1.0549630046508947,1.0464546386438,1.061909327489385,1.0565250478194994,39095.393365859985,200,15,0.6,0.1,2.6
1.055696810073017,1.0460178662261945,1.0641379938655895,1.0569345701272672,39095.393365859985,200,15,0.6,0.1,3.1
1.0562748270239577,1.0451270234734542,1.0655708850396122,1.058126572558806,39095.393365859985,200,15,0.6,0.1,3.6
1.054530510565937,1.0465973464634137,1.063833070657277,1.0531611145771202,39095.393365859985,200,15,0.6,0.6,0.1
1.0546148298152394,1.0448859337478948,1.0628265761647973,1.0561319795330257,39095.393365859985,200,15,0.6,0.6,0.6
1.0557828309596176,1.0460124606269667,1.0638219149301436,1.0575141173217424,39095.393365859985,200,15,0.6,0.6,1.1
1.0539727578445344,1.045908673121793,1.059104281877955,1.0569053185338553,39095.393365859985,200,15,0.6,0.6,1.6
1.0535226684683596,1.0460297585444955,1.0597463559507438,1.0547918909098388,39095.393365859985,200,15,0.6,0.6,2.1
1.0502988758425833,1.0446470062620263,1.0511341346037641,1.055115486661959,39095.393365859985,200,15,0.6,0.6,2.6
1.0535561040771668,1.0456967736320635,1.0590534613432363,1.0559180772562005,39095.393365859985,200,15,0.6,0.6,3.1
1.0546991689835072,1.04649355895824,1.063161247978799,1.054442700013483,39095.393365859985,200,15,0.6,0.6,3.6
1.0525069295956613,1.0446848454566209,1.0572524311738118,1.0555835121565509,39095.393365859985,200,15,0.6,1.1,0.1
1.0536310517762002,1.0453562208807126,1.0607962338265198,1.0547407006213678,39095.393365859985,200,15,0.6,1.1,0.6
1.0505350773061244,1.0433485813275107,1.0551613520989191,1.0530952984919433,39095.393365859985,200,15,0.6,1.1,1.1
1.0526322521076013,1.045252433375539,1.0573094493347157,1.055334873612549,39095.393365859985,200,15,0.6,1.1,1.6
1.0548114329175897,1.046753027721174,1.0619167646408072,1.0557645063907877,39095.393365859985,200,15,0.6,1.1,2.1
1.0534337977501007,1.0454805496629518,1.0596633077598618,1.0551575358274887,39095.393365859985,200,15,0.6,1.1,2.6
1.0517842610990344,1.044909718384497,1.0547151230135834,1.0557279418990226,39095.393365859985,200,15,0.6,1.1,3.1
1.0525939822325,1.0454254125508284,1.0569722984702399,1.0553842356764316,39095.393365859985,200,15,0.6,1.1,3.6
1.0538829526136226,1.0460697599787812,1.0590522218179992,1.0565268760440876,39095.393365859985,200,15,0.6,1.6,0.1
1.0510009111698344,1.0458135345753838,1.0517464600708637,1.0554427388632557,39095.393365859985,200,15,0.6,1.6,0.6
1.0543921505079286,1.0461994943602482,1.060832180058394,1.0561447771051435,39095.393365859985,200,15,0.6,1.6,1.1
1.0529358002124514,1.0459702969529898,1.0583432133824102,1.054493890301954,39095.393365859985,200,15,0.6,1.6,1.6
1.053168099933326,1.0461940887610204,1.0575895820382877,1.0557206290006695,39095.393365859985,200,15,0.6,1.6,2.1
1.053091272672931,1.0463670679363097,1.0572958145571083,1.0556109355253747,39095.393365859985,200,15,0.6,1.6,2.6
1.052803166429596,1.045044858365192,1.0580023439422233,1.0553622969813727,39095.393365859985,200,15,0.6,1.6,3.1
1.0531862970854409,1.0456286630817935,1.0583704829376253,1.0555597452369037,39095.393365859985,200,15,0.6,1.6,3.6
1.0522240131522549,1.0457465051449593,1.0570751790649147,1.0538503552468903,39095.393365859985,200,15,0.6,2.1,0.1
1.0519268533927033,1.0445778145919107,1.0548824589205843,1.0563202866656154,39095.393365859985,200,15,0.6,2.1,0.6
1.0534052066053352,1.0461303026901325,1.0591179166555627,1.0549674004703107,39095.393365859985,200,15,0.6,2.1,1.1
1.0521227715622794,1.0469692516902858,1.0548923751224806,1.0545066878740719,39095.393365859985,200,15,0.6,2.1,1.6
1.0519193376420937,1.044659979700173,1.0584634473304035,1.0526345858957045,39095.393365859985,200,15,0.6,2.1,2.1
1.0516204952301722,1.0455854182879711,1.056941310339314,1.0523347570632315,39095.393365859985,200,15,0.6,2.1,2.6
1.0541526372286982,1.046094625735229,1.0606499698485485,1.0557133161023167,39095.393365859985,200,15,0.6,2.1,3.1
1.0550903820792052,1.0465097757559234,1.0624410838160767,1.0563202866656154,39095.393365859985,200,15,0.6,2.1,3.6
1.0507857674020757,1.0446156537865052,1.0521307128943471,1.0556109355253747,39095.393365859985,200,15,0.6,2.6,0.1
1.0543397002464296,1.046535722632217,1.0610900013076991,1.0553933767993728,39095.393365859985,200,15,0.6,2.6,0.6
1.0536221889684334,1.0460265151849588,1.0595728224175576,1.0552672293027836,39095.393365859985,200,15,0.6,2.6,1.1
1.0540931044948492,1.0449745855752306,1.062139879183475,1.0551648487258418,39095.393365859985,200,15,0.6,2.6,1.6
1.0536879376167902,1.0445345697980883,1.0604429691339623,1.0560862739183194,39095.393365859985,200,15,0.6,2.6,2.1
1.0542958673392828,1.0459908382300556,1.0608470543612385,1.0560497094265544,39095.393365859985,200,15,0.6,2.6,2.6
1.0532051338805137,1.0460697599787812,1.0589146345166873,1.054631007146073,39095.393365859985,200,15,0.6,2.6,3.1
1.0544917778395169,1.0470287132817915,1.0594005284096086,1.0570460918271505,39095.393365859985,200,15,0.6,2.6,3.6
1.0531280009620472,1.04604813758187,1.0575201686250133,1.0558156966792585,39095.393365859985,200,15,0.6,3.1,0.1
1.0524558401236632,1.0441442855338416,1.0584386568256627,1.0547845780114857,39095.393365859985,200,15,0.6,3.1,0.6
1.0534470779459892,1.0457627219426426,1.0593112825925415,1.0552672293027836,39095.393365859985,200,15,0.6,3.1,1.1
1.052595092185091,1.0448621491112924,1.0576924626329622,1.0552306648110188,39095.393365859985,200,15,0.6,3.1,1.6
1.053563084065467,1.046895735540788,1.0584312196742405,1.0553622969813727,39095.393365859985,200,15,0.6,3.1,2.1
1.0532224472008285,1.0457540729838781,1.0588873649614725,1.0550259036571348,39095.393365859985,200,15,0.6,3.1,2.6
1.0540569711925831,1.046636266777854,1.0594191212881643,1.0561155255117314,39095.393365859985,200,15,0.6,3.1,3.1
1.05172777492852,1.0451486458703654,1.0552208493102972,1.054813829604898,39095.393365859985,200,15,0.6,3.1,3.6
1.0525983394451728,1.0451832417054232,1.0585712860260263,1.0540404906040683,39095.393365859985,200,15,0.6,3.6,0.1
1.0508078245811698,1.045835156972295,1.0521108804905546,1.05447743628066,39095.393365859985,200,15,0.6,3.6,0.6
1.0529772801158213,1.0457454240251136,1.05904354514134,1.0541428711810101,39095.393365859985,200,15,0.6,3.6,1.1
1.0532518838927178,1.0449151239837249,1.0590906471003476,1.0557498805940815,39095.393365859985,200,15,0.6,3.6,1.6
1.0521956995833321,1.0451994585031066,1.0570491490349367,1.0543384912119529,39095.393365859985,200,15,0.6,3.6,2.1
1.0526243950924201,1.0458870507248819,1.0558852348373526,1.0561008997150254,39095.393365859985,200,15,0.6,3.6,2.6
1.053132658744369,1.0462589559517539,1.0571185624482111,1.0560204578331425,39095.393365859985,200,15,0.6,3.6,3.1
1.0508451697297156,1.0454470349477396,1.0505689110956722,1.0565195631457347,39095.393365859985,200,15,0.6,3.6,3.6
1.0553350271846966,1.0461032746939936,1.0623456403728244,1.0575561664872721,39095.393365859985,200,15,1.1,0.1,0.1
1.0545364417707885,1.0449453953394006,1.0620072499831115,1.0566566799898534,39095.393365859985,200,15,1.1,0.1,0.6
1.0555399502830365,1.0461573306862715,1.0647565169588744,1.0557060032039636,39095.393365859985,200,15,1.1,0.1,1.1
1.0553327263249022,1.047600625680092,1.0616750572195837,1.0567224960750303,39095.393365859985,200,15,1.1,0.1,1.6
1.055200403811523,1.0460221907055767,1.0654580882430411,1.0541209324859513,39095.393365859985,200,15,1.1,0.1,2.1
1.0544088562705127,1.0452686501732225,1.0618423931265846,1.0561155255117314,39095.393365859985,200,15,1.1,0.1,2.6
1.0519196821873622,1.0459151598408665,1.055072106281852,1.0547717804393681,39095.393365859985,200,15,1.1,0.1,3.1
1.0552129171032085,1.0458016422570828,1.0624125747356248,1.0574245343169182,39095.393365859985,200,15,1.1,0.1,3.6
1.054162068777525,1.045382167757006,1.0594290374900606,1.0576750010855083,39095.393365859985,200,15,1.1,0.6,0.1
1.0535099601507343,1.0449745855752306,1.0581746379501724,1.0573806569268003,39095.393365859985,200,15,1.1,0.6,0.6
1.0547709219761616,1.0466319422984716,1.060832180058394,1.0568486435716196,39095.393365859985,200,15,1.1,0.6,1.1
1.055245855640058,1.0456405554000945,1.065056482066239,1.0550405294538407,39095.393365859985,200,15,1.1,0.6,1.6
1.0550591711506536,1.0457713709014071,1.0631352179488212,1.0562709246017328,39095.393365859985,200,15,1.1,0.6,2.1
1.0533412056751734,1.0443864563792467,1.0596459544065433,1.0559912062397305,39095.393365859985,200,15,1.1,0.6,2.6
1.0534715456315256,1.043846977576313,1.060261998449354,1.0563056608689094,39095.393365859985,200,15,1.1,0.6,3.1
1.0504767961461647,1.04515729482913,1.0484902272731498,1.057782866336215,39095.393365859985,200,15,1.1,0.6,3.6
1.0530531562873888,1.0459054297622563,1.057765594621948,1.055488444477962,39095.393365859985,200,15,1.1,1.1,0.1
1.0540344444961753,1.045399465674535,1.0600252491290785,1.0566786186849124,39095.393365859985,200,15,1.1,1.1,0.6
1.051811325256464,1.046268686030364,1.0546878534583684,1.05447743628066,39095.393365859985,200,15,1.1,1.1,1.1
1.0531816523392687,1.045208107461871,1.0601665550061015,1.054170294549834,39095.393365859985,200,15,1.1,1.1,1.6
1.05255286540455,1.0456373120405578,1.0546333143479385,1.0573879698251532,39095.393365859985,200,15,1.1,1.1,2.1
1.0549232719648527,1.046104355813839,1.0630472116569911,1.0556182484237275,39095.393365859985,200,15,1.1,1.1,2.6
1.0518448685486625,1.044831877755617,1.0575635520083098,1.0531391758820612,39095.393365859985,200,15,1.1,1.1,3.1
1.0524228590164777,1.0456708267557702,1.057515210524065,1.054082539769598,39095.393365859985,200,15,1.1,1.1,3.6
1.0537164893175168,1.0461086802932213,1.0611556961452624,1.053885091514067,39095.393365859985,200,15,1.1,1.6,0.1
1.0497520577603945,1.0455583902918322,1.0501710234945811,1.0535267594947701,39095.393365859985,200,15,1.1,1.6,0.6
1.053416417452893,1.0455810938085888,1.0570900533677592,1.0575781051823312,39095.393365859985,200,15,1.1,1.6,1.1
1.0540237971477675,1.0458697528073528,1.0601665550061015,1.0560350836298484,39095.393365859985,200,15,1.1,1.6,1.6
1.0520837496685347,1.0455335245353843,1.0545217570766046,1.0561959673936145,39095.393365859985,200,15,1.1,1.6,2.1
1.0525626509846167,1.0455335245353843,1.0552344840879047,1.0569199443305612,39095.393365859985,200,15,1.1,1.6,2.6
1.0525139603351812,1.0437334599925294,1.0591774138669408,1.054631007146073,39095.393365859985,200,15,1.1,1.6,3.1
1.0531456707396984,1.0460827334169278,1.0592059229473927,1.054148355854775,39095.393365859985,200,15,1.1,1.6,3.6
1.0525305451226952,1.0445637600339184,1.0587460590844495,1.0542818162497172,39095.393365859985,200,15,1.1,2.1,0.1
1.0545460684000376,1.045722720508357,1.0615275537163755,1.0563879309753808,39095.393365859985,200,15,1.1,2.1,0.6
1.0545578970841036,1.0468178949119076,1.059270378259719,1.057585418080684,39095.393365859985,200,15,1.1,2.1,1.1
1.05346023420647,1.0451172933948443,1.0584312196742405,1.0568321895503252,39095.393365859985,200,15,1.1,2.1,1.6
1.0538790948765346,1.0457443429052682,1.0615325118173238,1.054360429907012,39095.393365859985,200,15,1.1,2.1,2.1
1.0524505359030107,1.045788668818936,1.0556869107994256,1.0558760280906707,39095.393365859985,200,15,1.1,2.1,2.6
1.0526426233498778,1.046241658034225,1.0573751441722792,1.0543110678431291,39095.393365859985,200,15,1.1,2.1,3.1
1.0535573704373054,1.0457183960289747,1.059664547285099,1.0552891679978427,39095.393365859985,200,15,1.1,2.1,3.6
1.0514595587837023,1.045438385988975,1.0538412577214675,1.0550990326406648,39095.393365859985,200,15,1.1,2.6,0.1
1.0529358979198242,1.0447929574411767,1.060802431452705,1.0532123048655913,39095.393365859985,200,15,1.1,2.6,0.6
1.0532649458807357,1.0456848813137625,1.058477082108011,1.0556328742204335,39095.393365859985,200,15,1.1,2.6,1.1
1.0535122185507357,1.046224360116696,1.059864110848263,1.054448184687248,39095.393365859985,200,15,1.1,2.6,1.6
1.051939851311432,1.0450837786796319,1.0534136215146874,1.0573221537399762,39095.393365859985,200,15,1.1,2.6,2.1
1.0522210524532067,1.0445042984424127,1.0582353746867874,1.0539234842304204,39095.393365859985,200,15,1.1,2.6,2.6
1.0506479086668499,1.0459702969529898,1.0555034610643432,1.0504699679832168,39095.393365859985,200,15,1.1,2.6,3.1
1.0524908409235374,1.0461908454014837,1.0573453955665901,1.053936281802538,39095.393365859985,200,15,1.1,2.6,3.6
1.0534575120128027,1.0455151454980098,1.0599905424224414,1.054866848117957,39095.393365859985,200,15,1.1,3.1,0.1
1.052531511437577,1.0454200069516006,1.0557079827284555,1.0564665446326753,39095.393365859985,200,15,1.1,3.1,0.6
1.0521303862555529,1.0445561921949995,1.0570503885601736,1.0547845780114857,39095.393365859985,200,15,1.1,3.1,1.1
1.0524428911215866,1.046195169880866,1.0589815688794877,1.0521519346044064,39095.393365859985,200,15,1.1,3.1,1.6
1.051062131767539,1.043712918715464,1.0559905944825012,1.0534828821046522,39095.393365859985,200,15,1.1,3.1,2.1
1.0544027352087986,1.0452135130610989,1.0609065515726166,1.0570881409926802,39095.393365859985,200,15,1.1,3.1,2.6
1.0519201721155942,1.0450351282865817,1.0570231190049588,1.053702269055242,39095.393365859985,200,15,1.1,3.1,3.1
1.052401182793009,1.0446729531383196,1.0586729270954638,1.0538576681452434,39095.393365859985,200,15,1.1,3.1,3.6
1.053288876185209,1.0455454168536853,1.05966826586081,1.0546529458411318,39095.393365859985,200,15,1.1,3.6,0.1
1.0522701447305567,1.0456448798794769,1.0554650357819948,1.0557005185301989,39095.393365859985,200,15,1.1,3.6,0.6
1.0522902341712543,1.0459778647919087,1.054680416306946,1.0562124214149087,39095.393365859985,200,15,1.1,3.6,1.1
1.0515214038168212,1.045502172059863,1.0546357933984125,1.054426245992189,39095.393365859985,200,15,1.1,3.6,1.6
1.0545775630549972,1.0456838001939168,1.0616700991186356,1.0563787898524395,39095.393365859985,200,15,1.1,3.6,2.1
1.0520520662323827,1.0462286845960782,1.054168492384047,1.0557590217170227,39095.393365859985,200,15,1.1,3.6,2.6
1.0521124289845416,1.0450145870095162,1.0572474730728636,1.054075226871245,39095.393365859985,200,15,1.1,3.6,3.1
1.0522106571982304,1.0453508152814848,1.0567305910490163,1.0545505652641898,39095.393365859985,200,15,1.1,3.6,3.6
1.0542057131591538,1.0457627219426426,1.0588960416381317,1.057958375896687,39095.393365859985,200,15,1.6,0.1,0.1
1.0550294440155845,1.0473498058759223,1.0624621557451066,1.0552763704257249,39095.393365859985,200,15,1.6,0.1,0.6
1.0536840150231095,1.0436037256110624,1.0605941912128816,1.0568541282453843,39095.393365859985,200,15,1.6,0.1,1.1
1.0557516856737117,1.046437340726271,1.0646052948799551,1.0562124214149087,39095.393365859985,200,15,1.6,0.1,1.6
1.0529397596657046,1.044706467853532,1.0585750046017375,1.0555378065418446,39095.393365859985,200,15,1.6,0.1,2.1
1.0537921826503427,1.043678322880406,1.062019645235482,1.0556785798351398,39095.393365859985,200,15,1.6,0.1,2.6
1.0540042112375987,1.0462297657159239,1.0590658565956068,1.0567170114012656,39095.393365859985,200,15,1.6,0.1,3.1
1.054365749700993,1.0467692445188574,1.0594501094190902,1.0568778951650315,39095.393365859985,200,15,1.6,0.1,3.6
1.0538772221432169,1.0461075991733757,1.0583481714833585,1.0571758957729163,39095.393365859985,200,15,1.6,0.6,0.1
1.0528560609080595,1.0460232718254223,1.0594203608134012,1.0531245500853552,39095.393365859985,200,15,1.6,0.6,0.6
1.0528665906763874,1.046324904262333,1.0573367188899307,1.0549381488768987,39095.393365859985,200,15,1.6,0.6,1.1
1.053890306095094,1.0459389444774687,1.0594848161257275,1.0562471576820855,39095.393365859985,200,15,1.6,0.6,1.6
1.051613916406253,1.0462557125922172,1.0565657341924897,1.0520203024340524,39095.393365859985,200,15,1.6,0.6,2.1
1.0537027002530759,1.0445648411537638,1.0606983113327932,1.0558449482726706,39095.393365859985,200,15,1.6,0.6,2.6
1.054439173521572,1.0456156896436466,1.06154242801922,1.0561594029018495,39095.393365859985,200,15,1.6,0.6,3.1
1.0521296177059856,1.045078373080404,1.0584857587846703,1.0528247212528823,39095.393365859985,200,15,1.6,0.6,3.6
1.0513047870771495,1.0444340256524514,1.053993719325624,1.0554866162533736,39095.393365859985,200,15,1.6,1.1,0.1
1.0506636440468353,1.0443042912709843,1.050479665278605,1.0572069755909164,39095.393365859985,200,15,1.6,1.1,0.6
1.0531946049753105,1.0458784017661173,1.0589939641318582,1.0547114490279559,39095.393365859985,200,15,1.6,1.1,1.1
1.0533325953939723,1.0456967736320635,1.0597723859807218,1.054528626569131,39095.393365859985,200,15,1.6,1.1,1.6
1.0549008314302448,1.0464503141644177,1.0620927772244675,1.0561594029018495,39095.393365859985,200,15,1.6,1.1,2.1
1.053407901186099,1.0459302955187042,1.0617246382290655,1.0525687698105273,39095.393365859985,200,15,1.6,1.1,2.6
1.0536587542172002,1.045382167757006,1.0612994810727596,1.054294613821835,39095.393365859985,200,15,1.6,1.1,3.1
1.0542186854643891,1.0453421663227205,1.0626518031063743,1.054662086964073,39095.393365859985,200,15,1.6,1.1,3.6
1.0543196149693104,1.0457454240251136,1.0631674456049844,1.054045975277833,39095.393365859985,200,15,1.6,1.6,0.1
1.0529472280068894,1.0472708841271967,1.0569599032178696,1.054610896675602,39095.393365859985,200,15,1.6,1.6,0.6
1.0533865907407831,1.045879482885963,1.0591885695940741,1.0550917197423118,39095.393365859985,200,15,1.6,1.6,1.1
1.0527712866020063,1.0453864922363882,1.0590770123227402,1.0538503552468903,39095.393365859985,200,15,1.6,1.6,1.6
1.0543173318913126,1.0448405267143812,1.0620964958001786,1.0560149731593778,39095.393365859985,200,15,1.6,1.6,2.1
1.0546114817940042,1.0456719078756158,1.0613961640412488,1.0567663734651482,39095.393365859985,200,15,1.6,1.6,2.6
1.053851321813636,1.046234090195306,1.0601330878247013,1.0551867874209007,39095.393365859985,200,15,1.6,1.6,3.1
1.0523748578119416,1.0459616479942253,1.0570950114687072,1.054067913972892,39095.393365859985,200,15,1.6,1.6,3.6
1.0535459587015252,1.0448026875197867,1.0594253189143494,1.0564098696704396,39095.393365859985,200,15,1.6,2.1,0.1
1.0523907301084436,1.0457410995457315,1.0557104617789295,1.0557206290006695,39095.393365859985,200,15,1.6,2.1,0.6
1.0520739105673893,1.0451562137092842,1.0574656295145832,1.0535998884783002,39095.393365859985,200,15,1.6,2.1,1.1
1.0560925804874561,1.0466535646953827,1.0652746385079588,1.0563495382590273,39095.393365859985,200,15,1.6,2.1,1.6
1.0514535647124266,1.0461648985251903,1.055239442188853,1.0529563534232362,39095.393365859985,200,15,1.6,2.1,2.1
1.0522245461047373,1.044261046477162,1.0585402978951002,1.0538722939419494,39095.393365859985,200,15,1.6,2.1,2.6
1.052348927886177,1.0458611038485885,1.0558306957269226,1.0553549840830196,39095.393365859985,200,15,1.6,2.1,3.1
1.0538011858465315,1.0454297370302106,1.060099620643301,1.0558741998660826,39095.393365859985,200,15,1.6,2.1,3.6
1.0524477198826583,1.0457929932983183,1.0578040199042962,1.0537461464453601,39095.393365859985,200,15,1.6,2.6,0.1
1.0517854997847804,1.0464589631231822,1.0570454304592256,1.0518521057719334,39095.393365859985,200,15,1.6,2.6,0.6
1.0523895156734118,1.045536767894921,1.056889250279358,1.054742528845956,39095.393365859985,200,15,1.6,2.6,1.1
1.052654518876199,1.045203782982489,1.057909379549445,1.0548503940966627,39095.393365859985,200,15,1.6,2.6,1.6
1.0536318988377777,1.0452254053794001,1.0605346940015035,1.0551355971324297,39095.393365859985,200,15,1.6,2.6,2.1
1.0533389787136729,1.045749748504496,1.0600822672899826,1.0541849203465399,39095.393365859985,200,15,1.6,2.6,2.6
1.052376939837093,1.045277299131987,1.0561182655819168,1.0557352547973755,39095.393365859985,200,15,1.6,2.6,3.1
1.054954242094318,1.0455800126887433,1.0629331753351832,1.0563495382590273,39095.393365859985,200,15,1.6,2.6,3.6
1.052478857120265,1.0457746142609439,1.0575647915335469,1.054097165566304,39095.393365859985,200,15,1.6,3.1,0.1
1.0530622801158829,1.0454513594271218,1.0584956749865666,1.05523980593396,39095.393365859985,200,15,1.6,3.1,0.6
1.0512976140046069,1.0454719007041875,1.0536144246030885,1.0548065167065448,39095.393365859985,200,15,1.6,3.1,1.1
1.0520708048678802,1.046177871963337,1.0549208842029325,1.0551136584373708,39095.393365859985,200,15,1.6,3.1,1.6
1.052695701726857,1.0445518677156171,1.0590943656760587,1.054440871788895,39095.393365859985,200,15,1.6,3.1,2.1
1.0534379189825795,1.0452124319412535,1.0593806960058159,1.0557206290006695,39095.393365859985,200,15,1.6,3.1,2.6
1.0529932036866592,1.0444524046898258,1.059523241408076,1.0550039649620757,39095.393365859985,200,15,1.6,3.1,3.1
1.0535329342793045,1.044961612137084,1.060377274296399,1.0552599164044307,39095.393365859985,200,15,1.6,3.1,3.6
1.0518345535518627,1.0460081361475844,1.0556323716889957,1.053863152819008,39095.393365859985,200,15,1.6,3.6,0.1
1.0521874116641659,1.0450308038071996,1.0573391979404048,1.054192233244893,39095.393365859985,200,15,1.6,3.6,0.6
1.0532041353679666,1.046336796580634,1.0601144949461456,1.0531611145771202,39095.393365859985,200,15,1.6,3.6,1.1
1.0538701941904107,1.046276253869283,1.0589555388495098,1.0563787898524395,39095.393365859985,200,15,1.6,3.6,1.6
1.0541796285718734,1.046878437623259,1.0592889711382747,1.0563714769540864,39095.393365859985,200,15,1.6,3.6,2.1
1.0521912244837754,1.045676232354998,1.055101854887541,1.0557955862087878,39095.393365859985,200,15,1.6,3.6,2.6
1.0522369554627116,1.0449053939051147,1.0571817782353004,1.0546236942477198,39095.393365859985,200,15,1.6,3.6,3.1
1.0530000987702755,1.045732450586967,1.0581907517782538,1.0550770939456058,39095.393365859985,200,15,1.6,3.6,3.6
1.0555965583561246,1.0460167851063489,1.0656427775033606,1.055130112458665,39095.393365859985,200,15,2.1,0.1,0.1
1.0548074806434877,1.0454935231010987,1.0617457101580952,1.0571832086712691,39095.393365859985,200,15,2.1,0.1,0.6
1.0556414164897818,1.0457065037106736,1.0650949073485874,1.0561228384100845,39095.393365859985,200,15,2.1,0.1,1.1
1.0550385329342562,1.0463205797829507,1.0638714959396252,1.0549235230801928,39095.393365859985,200,15,2.1,0.1,1.6
1.0539594705078967,1.0462589559517539,1.0601182135218568,1.0555012420500796,39095.393365859985,200,15,2.1,0.1,2.1
1.0535433147999618,1.0468168137920622,1.0591674976650443,1.054645632942779,39095.393365859985,200,15,2.1,0.1,2.6
1.0548906885672442,1.0454643328652684,1.0631141460197915,1.0560935868166725,39095.393365859985,200,15,2.1,0.1,3.1
1.0553037344784137,1.0451140500353076,1.0649064995125568,1.0558906538873767,39095.393365859985,200,15,2.1,0.1,3.6
1.0541604254631558,1.0462892273074296,1.0620729448206747,1.054119104261363,39095.393365859985,200,15,2.1,0.6,0.1
1.053530514363609,1.0467000528487418,1.0597723859807218,1.054119104261363,39095.393365859985,200,15,2.1,0.6,0.6
1.0550260997700942,1.046268686030364,1.0608420962602905,1.0579675170196283,39095.393365859985,200,15,2.1,0.6,1.1
1.0553537981246255,1.0465335603925259,1.0617742192385473,1.057753614742803,39095.393365859985,200,15,2.1,0.6,1.6
1.0523081482258954,1.0463022007455762,1.0565397041625118,1.054082539769598,39095.393365859985,200,15,2.1,0.6,2.1
1.0542501994647013,1.045546497973531,1.0603115794588356,1.0568925209617375,39095.393365859985,200,15,2.1,0.6,2.6
1.0557660515082017,1.046748703241792,1.0628104623367158,1.057738988946097,39095.393365859985,200,15,2.1,0.6,3.1
1.0515974825870964,1.0449226918226437,1.0534470886960876,1.0564226672425574,39095.393365859985,200,15,2.1,0.6,3.6
1.0527172385898338,1.0449053939051147,1.0592369110783189,1.054009410786068,39095.393365859985,200,15,2.1,1.1,0.1
1.051883759905557,1.0433366890092095,1.0557749170912558,1.0565396736162054,39095.393365859985,200,15,2.1,1.1,0.6
1.0529900606830507,1.0457313694671215,1.0574743061912426,1.0557645063907877,39095.393365859985,200,15,2.1,1.1,1.1
1.053018315283057,1.0464881533590122,1.0580308530226752,1.0545359394674838,39095.393365859985,200,15,2.1,1.1,1.6
1.0523494263461355,1.0458438059310595,1.0546940510845535,1.0565104220227934,39095.393365859985,200,15,2.1,1.1,2.1
1.0531227798253304,1.0461984132404027,1.058165961273513,1.0550039649620757,39095.393365859985,200,15,2.1,1.1,2.6
1.0526296752569557,1.0463681490561554,1.0538623296504972,1.0576585470642141,39095.393365859985,200,15,2.1,1.1,3.1
1.0523990875804674,1.0439713063585523,1.05830974620101,1.05491621018184,39095.393365859985,200,15,2.1,1.1,3.6
1.0539479507033318,1.0467692445188574,1.0577085764610439,1.057366031130094,39095.393365859985,200,15,2.1,1.6,0.1
1.0533669551378804,1.044961612137084,1.0593893726824752,1.0557498805940815,39095.393365859985,200,15,2.1,1.6,0.6
1.050825947646502,1.0457313694671215,1.0528595537337289,1.0538869197386553,39095.393365859985,200,15,2.1,1.6,1.1
1.0538825480959195,1.0438934657296721,1.062560078238833,1.0551941003192538,39095.393365859985,200,15,2.1,1.6,1.6
1.052328973534108,1.0454373048691294,1.0572239220933597,1.054325693639835,39095.393365859985,200,15,2.1,1.6,2.1
1.052458377629447,1.0453864922363882,1.056545901788697,1.0554427388632557,39095.393365859985,200,15,2.1,1.6,2.6
1.0529644517032761,1.0467303242044175,1.059469941822883,1.0526930890825283,39095.393365859985,200,15,2.1,1.6,3.1
1.0530140984098013,1.0463162553035685,1.0574222461312868,1.0553037937945486,39095.393365859985,200,15,2.1,1.6,3.6
1.0536094956423074,1.0466070765420237,1.0590931261508216,1.0551282842340768,39095.393365859985,200,15,2.1,2.1,0.1
1.0517791729331238,1.0454773063034153,1.0534594839484581,1.0564007285474983,39095.393365859985,200,15,2.1,2.1,0.6
1.051449362463531,1.0449237729424894,1.0540693303650837,1.0553549840830196,39095.393365859985,200,15,2.1,2.1,1.1
1.0529176186048894,1.047149798704494,1.0569574241673954,1.054645632942779,39095.393365859985,200,15,2.1,2.1,1.6
1.052293942841314,1.044214558323803,1.0569685798945287,1.0556986903056107,39095.393365859985,200,15,2.1,2.1,2.1
1.0525532395928803,1.0433972317205609,1.0603115794588356,1.053950907599244,39095.393365859985,200,15,2.1,2.1,2.6
1.0515978461418618,1.0446816020970842,1.0531334888111155,1.0569784475173853,39095.393365859985,200,15,2.1,2.1,3.1
1.0540321359250167,1.0452437844167746,1.0612325467099593,1.055620076648316,39095.393365859985,200,15,2.1,2.1,3.6
1.0507244942069578,1.0424458462564694,1.0576342049468213,1.0520934314175825,39095.393365859985,200,15,2.1,2.6,0.1
1.0540973203991142,1.0461259782107502,1.06116933092287,1.0549966520637228,39095.393365859985,200,15,2.1,2.6,0.6
1.0537325478217363,1.045463251745423,1.0610156297934765,1.0547187619263088,39095.393365859985,200,15,2.1,2.6,1.1
1.0527214106595553,1.0455108210186275,1.0575251267259613,1.0551282842340768,39095.393365859985,200,15,2.1,2.6,1.6
1.0540207219960427,1.0464146372095144,1.0585886393793449,1.0570588893992683,39095.393365859985,200,15,2.1,2.6,2.1
1.0521122479094303,1.045918403200403,1.056299236266525,1.054119104261363,39095.393365859985,200,15,2.1,2.6,2.6
1.0523173671667556,1.0458448870509052,1.0564231887902296,1.054684025659132,39095.393365859985,200,15,2.1,2.6,3.1
1.0523255911791916,1.0451875661848056,1.0565000393549262,1.0552891679978427,39095.393365859985,200,15,2.1,2.6,3.6
1.0494593708703333,1.045438385988975,1.0503197665230264,1.0526199600989983,39095.393365859985,200,15,2.1,3.1,0.1
1.0514262827393692,1.0458405625715228,1.0534123819894503,1.0550259036571348,39095.393365859985,200,15,2.1,3.1,0.6
1.0518546452472801,1.0448405267143812,1.0571235205491594,1.0535998884783002,39095.393365859985,200,15,2.1,3.1,1.1
1.0515104443534344,1.0441280687361583,1.0551415196951264,1.055261744629019,39095.393365859985,200,15,2.1,3.1,1.6
1.051278973745969,1.045044858365192,1.0549270818291179,1.0538649810435963,39095.393365859985,200,15,2.1,3.1,2.1
1.0517417813947167,1.0463022007455762,1.0528149308251953,1.0561082126133785,39095.393365859985,200,15,2.1,3.1,2.6
1.0531607528118339,1.046540047111599,1.057594540139236,1.0553476711846668,39095.393365859985,200,15,2.1,3.1,3.1
1.0530400274503628,1.046150843967198,1.0577531993695775,1.0552160390143128,39095.393365859985,200,15,2.1,3.1,3.6
1.0522276863632893,1.0445086229217948,1.0565049974558745,1.0556694387121985,39095.393365859985,200,15,2.1,3.6,0.1
1.0520626928387045,1.0453475719219483,1.0563265058217401,1.054514000772425,39095.393365859985,200,15,2.1,3.6,0.6
1.0533909710466431,1.0448837715082036,1.0602632379745909,1.0550259036571348,39095.393365859985,200,15,2.1,3.6,1.1
1.0539221525372489,1.0450016135713696,1.0598814642015815,1.0568833798387962,39095.393365859985,200,15,2.1,3.6,1.6
1.0520462433424207,1.0452686501732225,1.0551055734632522,1.0557645063907877,39095.393365859985,200,15,2.1,3.6,2.1
1.0498481125488528,1.0451097255559254,1.0522534258928145,1.0521811861978185,39095.393365859985,200,15,2.1,3.6,2.6
1.0495393964403588,1.04356048081724,1.0525620676768384,1.0524956408269974,39095.393365859985,200,15,2.1,3.6,3.1
1.0506901472488355,1.0456232574825657,1.0501561491917366,1.0562910350722035,39095.393365859985,200,15,2.1,3.6,3.6
1.054677203985541,1.0471898001387798,1.0628104623367158,1.054031349481127,39095.393365859985,200,15,2.6,0.1,0.1
1.0548821514309779,1.0453951411951528,1.0656861608866572,1.0535651522111233,39095.393365859985,200,15,2.6,0.1,0.6
1.054720358925461,1.046731405324263,1.0622501969295721,1.0551794745225478,39095.393365859985,200,15,2.6,0.1,1.1
1.054695567718261,1.0454254125508284,1.0611197499133882,1.0575415406905662,39095.393365859985,200,15,2.6,0.1,1.6
1.0555010691367273,1.0452394599373924,1.065513866878708,1.0557498805940815,39095.393365859985,200,15,2.6,0.1,2.1
1.0545582588838365,1.0449583687775472,1.0631786013321178,1.0555378065418446,39095.393365859985,200,15,2.6,0.1,2.6
1.0544375715930248,1.0460730033383179,1.0635008778937491,1.053738833547007,39095.393365859985,200,15,2.6,0.1,3.1
1.0538032243243647,1.0441486100132238,1.0612771696184928,1.0559838933413774,39095.393365859985,200,15,2.6,0.1,3.6
1.0549858278356543,1.0457281261075848,1.0622563945557573,1.0569729628436206,39095.393365859985,200,15,2.6,0.6,0.1
1.0532449628922311,1.0448589057517559,1.059243108704504,1.0556328742204335,39095.393365859985,200,15,2.6,0.6,0.6
1.0534846789761334,1.0454124391126818,1.0605111430219998,1.054530454793719,39095.393365859985,200,15,2.6,0.6,1.1
1.0529519855346157,1.0467476221219463,1.0586035136821894,1.053504820799711,39095.393365859985,200,15,2.6,0.6,1.6
1.054202532388847,1.0464016637713676,1.0591104795041404,1.0570954538910333,39095.393365859985,200,15,2.6,0.6,2.1
1.0541032332370655,1.0459054297622563,1.0603673580945026,1.0560369118544368,39095.393365859985,200,15,2.6,0.6,2.6
1.0531500700575707,1.045624338602411,1.0585440164708113,1.0552818550994898,39095.393365859985,200,15,2.6,0.6,3.1
1.052465874932465,1.044992964612605,1.0578102175304815,1.054594442654308,39095.393365859985,200,15,2.6,0.6,3.6
1.0534354002377253,1.0460081361475844,1.0574073718284422,1.0568906927371493,39095.393365859985,200,15,2.6,1.1,0.1
1.0521973889824103,1.0445734901125283,1.057541240554043,1.05447743628066,39095.393365859985,200,15,2.6,1.1,0.6
1.0528739919266983,1.0466449157366182,1.0582601651915284,1.0537168948519482,39095.393365859985,200,15,2.6,1.1,1.1
1.05380585515321,1.0470330377611738,1.0591538628874368,1.0552306648110188,39095.393365859985,200,15,2.6,1.1,1.6
1.0538830094200338,1.0444080787761578,1.061204037629507,1.0560369118544368,39095.393365859985,200,15,2.6,1.1,2.1
1.0529922328409136,1.0452513522556934,1.0592022043716816,1.0545231418953662,39095.393365859985,200,15,2.6,1.1,2.6
1.0529006130111254,1.04518648506496,1.0578312894595112,1.0556840645089045,39095.393365859985,200,15,2.6,1.1,3.1
1.0527113059811575,1.0461421950084335,1.0561467746623687,1.0558449482726706,39095.393365859985,200,15,2.6,1.1,3.6
1.0537149327479394,1.0454773063034153,1.059528199509024,1.0561392924313788,39095.393365859985,200,15,2.6,1.6,0.1
1.0524882912755393,1.0454373048691294,1.0567603396547054,1.0552672293027836,39095.393365859985,200,15,2.6,1.6,0.6
1.0539952587547743,1.0453173005662726,1.0614085592936193,1.0552599164044307,39095.393365859985,200,15,2.6,1.6,1.1
1.0555016174665528,1.0464146372095144,1.063300074805348,1.0567901403847955,39095.393365859985,200,15,2.6,1.6,1.6
1.0538850249718668,1.0459140787210208,1.0588576163557835,1.0568833798387962,39095.393365859985,200,15,2.6,1.6,2.1
1.053288403248761,1.0456751512351523,1.0592592225325856,1.0549308359785459,39095.393365859985,200,15,2.6,1.6,2.6
1.0516041890753975,1.0447464692878177,1.0536726822892295,1.0563934156491455,39095.393365859985,200,15,2.6,1.6,3.1
1.0529974813257625,1.0461551684465804,1.0587547357611087,1.054082539769598,39095.393365859985,200,15,2.6,1.6,3.6
1.0531891667335744,1.0453681131990138,1.060802431452705,1.0533969555490044,39095.393365859985,200,15,2.6,2.1,0.1
1.0524977873541894,1.0451994585031066,1.056068684572435,1.0562252189870265,39095.393365859985,200,15,2.6,2.1,0.6
1.051820354882535,1.0443702395815633,1.0557340127584334,1.055356812307608,39095.393365859985,200,15,2.6,2.1,1.1
1.054713463142507,1.045112968915462,1.060856970563135,1.058170449948924,39095.393365859985,200,15,2.6,2.1,1.6
1.053961428009221,1.0467357298036453,1.0595083671052314,1.0556401871187866,39095.393365859985,200,15,2.6,2.1,2.1
1.0515567336214302,1.043815625100792,1.0556001440328326,1.055254431730666,39095.393365859985,200,15,2.6,2.1,2.6
1.0554127382248872,1.0455843371681255,1.065084991146691,1.055568886359845,39095.393365859985,200,15,2.6,2.1,3.1
1.052879264061055,1.0463681490561554,1.0568780945522247,1.0553915485747847,39095.393365859985,200,15,2.6,2.1,3.6
1.052121816343319,1.0456329875611756,1.0572276406690708,1.053504820799711,39095.393365859985,200,15,2.6,2.6,0.1
1.0527547796818897,1.0442015848856563,1.0590075989094656,1.0550551552505467,39095.393365859985,200,15,2.6,2.6,0.6
1.0528160749023077,1.0442275317619496,1.0567157167461718,1.0575049761988011,39095.393365859985,200,15,2.6,2.6,1.1
1.0540856411956219,1.0453054082479714,1.060038883906686,1.0569126314322084,39095.393365859985,200,15,2.6,2.6,1.6
1.0525489712017102,1.0454773063034153,1.0596447148813062,1.0525248924204094,39095.393365859985,200,15,2.6,2.6,2.1
1.0523103618653187,1.0448589057517559,1.0565124346072967,1.0555597452369037,39095.393365859985,200,15,2.6,2.6,2.6
1.0508851880333772,1.0444945683638025,1.0529376438236626,1.0552233519126657,39095.393365859985,200,15,2.6,2.6,3.1
1.0519671441153122,1.045010262530134,1.0555654373261953,1.0553257324896077,39095.393365859985,200,15,2.6,2.6,3.6
1.054714107673716,1.0452610823343036,1.06275840227676,1.0561228384100845,39095.393365859985,200,15,2.6,3.1,0.1
1.0510281741713465,1.0443961864578568,1.054591170489879,1.054097165566304,39095.393365859985,200,15,2.6,3.1,0.6
1.0537064809674546,1.0468395173088187,1.059385654106764,1.0548942714867808,39095.393365859985,200,15,2.6,3.1,1.1
1.054370800553841,1.0450275604476629,1.061852309328481,1.0562325318853794,39095.393365859985,200,15,2.6,3.1,1.6
1.050143184430105,1.0447280902504432,1.0488546476928406,1.0568468153470314,39095.393365859985,200,15,2.6,3.1,2.1
1.0501873931378278,1.045304327128126,1.0487839947543292,1.0564738575310284,39095.393365859985,200,15,2.6,3.1,2.6
1.0535171581896894,1.0454891986217163,1.0599979795738637,1.055064296373488,39095.393365859985,200,15,2.6,3.1,3.1
1.0515685203027878,1.0457313694671215,1.0523687017398595,1.0566054897013823,39095.393365859985,200,15,2.6,3.1,3.6
1.0534304606153737,1.0459908382300556,1.0574098508789163,1.0568906927371493,39095.393365859985,200,15,2.6,3.6,0.1
1.052008675263992,1.046466530962101,1.0559596063515753,1.0535998884783002,39095.393365859985,200,15,2.6,3.6,0.6
1.0508364346427672,1.0452945970495158,1.0541486599802543,1.0530660468985313,39095.393365859985,200,15,2.6,3.6,1.1
1.05188271110123,1.0437680558275872,1.0569053641074395,1.0549747133686638,39095.393365859985,200,15,2.6,3.6,1.6
1.0526092750847247,1.0455810938085888,1.0573305212637456,1.05491621018184,39095.393365859985,200,15,2.6,3.6,2.1
1.053048841591626,1.0448491756731457,1.0580940688097644,1.0562032802919674,39095.393365859985,200,15,2.6,3.6,2.6
1.0532915785261234,1.0463757168950742,1.0584584892294553,1.0550405294538407,39095.393365859985,200,15,2.6,3.6,3.1
1.0516893639372284,1.0462892273074296,1.0527145292809947,1.0560643352232606,39095.393365859985,200,15,2.6,3.6,3.6
1.0537486026234204,1.0446686286589375,1.0604305738815918,1.0561466053297317,39095.393365859985,200,15,3.1,0.1,0.1
1.0532313829888464,1.0457443429052682,1.0582291770606023,1.0557206290006695,39095.393365859985,200,15,3.1,0.1,0.6
1.0542674125318097,1.045964891353762,1.060464041062992,1.0563733051786748,39095.393365859985,200,15,3.1,0.1,1.1
1.0555134992535717,1.0470849315137605,1.0623729099280395,1.0570826563189155,39095.393365859985,200,15,3.1,0.1,1.6
1.0554631156556458,1.0465011267971591,1.0635021174189863,1.0563861027507924,39095.393365859985,200,15,3.1,0.1,2.1
1.0540030349605114,1.0447670105648834,1.0611631332966847,1.0560789610199666,39095.393365859985,200,15,3.1,0.1,2.6
1.05439082038228,1.04523513545801,1.0614122778693305,1.0565250478194994,39095.393365859985,200,15,3.1,0.1,3.1
1.0546184188828667,1.044084823942336,1.0633459372391187,1.0564244954671456,39095.393365859985,200,15,3.1,0.1,3.6
1.0552707766958116,1.0460870578963102,1.064545797668577,1.0551794745225478,39095.393365859985,200,15,3.1,0.6,0.1
1.0523551306890666,1.0452859480907513,1.054930800404829,1.0568486435716196,39095.393365859985,200,15,3.1,0.6,0.6
1.0535751389548145,1.0451172933948443,1.0618473512275328,1.053760772242066,39095.393365859985,200,15,3.1,0.6,1.1
1.0536117595277117,1.0449226918226437,1.060009135300997,1.0559034514594945,39095.393365859985,200,15,3.1,0.6,1.6
1.0533681646820863,1.0461551684465804,1.0563401405993476,1.0576091850003313,39095.393365859985,200,15,3.1,0.6,2.1
1.0536842971414273,1.0458838073653451,1.0584027105937883,1.0567663734651482,39095.393365859985,200,15,3.1,0.6,2.6
1.054854868291612,1.0466135632610971,1.0634004763495486,1.0545505652641898,39095.393365859985,200,15,3.1,0.6,3.1
1.0538353995328515,1.0443518605441888,1.0588650535072057,1.05828928454716,39095.393365859985,200,15,3.1,0.6,3.6
1.0526067409860163,1.0457486673846503,1.0564021168612,1.0556694387121985,39095.393365859985,200,15,3.1,1.1,0.1
1.0534947526478653,1.0463022007455762,1.060604107414778,1.0535779497832412,39095.393365859985,200,15,3.1,1.1,0.6
1.05322623180753,1.0439799553173168,1.059100563302244,1.0565981768030295,39095.393365859985,200,15,3.1,1.1,1.1
1.052845984812248,1.046202737719785,1.0570094842273512,1.0553257324896077,39095.393365859985,200,15,3.1,1.1,1.6
1.0535018856758178,1.0437723803069696,1.0608371381593422,1.0558961385611416,39095.393365859985,200,15,3.1,1.1,2.1
1.0547971749157037,1.044632951704034,1.0635479798527567,1.0562105931903205,39095.393365859985,200,15,3.1,1.1,2.6
1.0548908404707926,1.0445129474011772,1.061287085820389,1.0588724881908118,39095.393365859985,200,15,3.1,1.1,3.1
1.0538090543610024,1.046731405324263,1.0591067609284293,1.0555889968303156,39095.393365859985,200,15,3.1,1.1,3.6
1.0529594154794395,1.045918403200403,1.0583580876852547,1.0546017555526608,39095.393365859985,200,15,3.1,1.6,0.1
1.0536276432927891,1.0462211167571593,1.0572573892747599,1.0574044238464475,39095.393365859985,200,15,3.1,1.6,0.6
1.0531663742911974,1.0455583902918322,1.0576131330177916,1.0563275995639685,39095.393365859985,200,15,3.1,1.6,1.1
1.0527397431930758,1.0460135417468122,1.056916519834573,1.0552891679978427,39095.393365859985,200,15,3.1,1.6,1.6
1.054333696917505,1.0470168209634905,1.0610168693187136,1.0549674004703107,39095.393365859985,200,15,3.1,1.6,2.1
1.0524768134812355,1.0446816020970842,1.0602458846212723,1.0525029537253503,39095.393365859985,200,15,3.1,1.6,2.6
1.052842759954116,1.0454427104683572,1.0563996378107257,1.0566859315832653,39095.393365859985,200,15,3.1,1.6,3.1
1.0532559471613177,1.045575688209361,1.0597128887693437,1.054479264505248,39095.393365859985,200,15,3.1,1.6,3.6
1.0533626826016766,1.0437258921536106,1.060290507529806,1.0560716481216135,39095.393365859985,200,15,3.1,2.1,0.1
1.0511527296095888,1.0458924563241097,1.0550609505547186,1.0525047819499387,39095.393365859985,200,15,3.1,2.1,0.6
1.0538356388550116,1.044927016302026,1.0595356366604463,1.0570442636025623,39095.393365859985,200,15,3.1,2.1,1.1
1.0533571352701119,1.045649204358859,1.0590014012832805,1.0554208001681966,39095.393365859985,200,15,3.1,2.1,1.6
1.0536695034615178,1.045022154848435,1.061251139588515,1.054735215947603,39095.393365859985,200,15,3.1,2.1,2.1
1.0518804403036193,1.0451216178742264,1.0556546831432625,1.054865019893369,39095.393365859985,200,15,3.1,2.1,2.6
1.0527975926209903,1.045010262530134,1.0586345018131156,1.054748013519721,39095.393365859985,200,15,3.1,2.1,3.1
1.0523742629095107,1.0462632804311363,1.0572449940223896,1.0536145142750062,39095.393365859985,200,15,3.1,2.1,3.6
1.0533131762414065,1.0466351856580083,1.0595728224175576,1.0537315206486542,39095.393365859985,200,15,3.1,2.6,0.1
1.0529400735128343,1.0450708052414852,1.0597674278797735,1.0539819874172442,39095.393365859985,200,15,3.1,2.6,0.6
1.0513356388084796,1.045536767894921,1.05663266855529,1.0518374799752275,39095.393365859985,200,15,3.1,2.6,1.1
1.0526509873146253,1.0464016637713676,1.0559385344225454,1.0556127637499628,39095.393365859985,200,15,3.1,2.6,1.6
1.0523740866416686,1.0453118949670448,1.0563438591750587,1.055466505782903,39095.393365859985,200,15,3.1,2.6,2.1
1.0542645900560559,1.0459475934362332,1.0604454481844363,1.0564007285474983,39095.393365859985,200,15,3.1,2.6,2.6
1.0517808389771341,1.04640598825075,1.0558046656969449,1.0531318629837083,39095.393365859985,200,15,3.1,2.6,3.1
1.0525832846640897,1.0462470636334529,1.0548589079410804,1.0566438824177355,39095.393365859985,200,15,3.1,2.6,3.6
1.0530695024061367,1.046795191395151,1.0573069702842417,1.0551063455390177,39095.393365859985,200,15,3.1,3.1,0.1
1.0533475421514737,1.045161619308512,1.060856970563135,1.054024036582774,39095.393365859985,200,15,3.1,3.1,0.6
1.0540027843403637,1.0469681705704403,1.0584931959360926,1.0565469865145585,39095.393365859985,200,15,3.1,3.1,1.1
1.0510458598903485,1.0443561850235712,1.0539602521442237,1.0548211425032508,39095.393365859985,200,15,3.1,3.1,1.6
1.052032696141017,1.0445075418019494,1.0571569877305595,1.0544335588905418,39095.393365859985,200,15,3.1,3.1,2.1
1.05443848960666,1.0463292287417152,1.0605123825472367,1.0564738575310284,39095.393365859985,200,15,3.1,3.1,2.6
1.0521365523466615,1.0456340686810213,1.0540457793855798,1.0567298089733834,39095.393365859985,200,15,3.1,3.1,3.1
1.0528336874824091,1.0455335245353843,1.0585997951064783,1.0543677428053648,39095.393365859985,200,15,3.1,3.1,3.6
1.0522605483276533,1.0455410923743031,1.054956830434807,1.0562837221738504,39095.393365859985,200,15,3.1,3.6,0.1
1.0516050179840433,1.0446070048277407,1.0544362298352485,1.0557718192891405,39095.393365859985,200,15,3.1,3.6,0.6
1.0525940876714703,1.0452989215288981,1.0571941734876709,1.0552891679978427,39095.393365859985,200,15,3.1,3.6,1.1
1.0521344042012297,1.044474027086737,1.0575102524231168,1.0544189330938358,39095.393365859985,200,15,3.1,3.6,1.6
1.0524968248073643,1.0447843084824122,1.057144592478189,1.0555615734614918,39095.393365859985,200,15,3.1,3.6,2.1
1.0524822683990143,1.0464286917675065,1.0560872774509906,1.0549308359785459,39095.393365859985,200,15,3.1,3.6,2.6
1.0518444574855534,1.0459000241630285,1.0554923053372098,1.054141042956422,39095.393365859985,200,15,3.1,3.6,3.1
1.0525308587872635,1.0439810364371624,1.0578982238223116,1.0557133161023167,39095.393365859985,200,15,3.1,3.6,3.6
1.0558597447380584,1.046146519487816,1.06315257130214,1.058280143424219,39095.393365859985,200,15,3.6,0.1,0.1
1.0549006379580834,1.0454859552621796,1.061199079528559,1.058016879083511,39095.393365859985,200,15,3.6,0.1,0.6
1.054303716354635,1.0454600083858863,1.0636446628212461,1.0538064778567724,39095.393365859985,200,15,3.6,0.1,1.1
1.055429182114964,1.0461248970909047,1.0637326691130764,1.0564299801409105,39095.393365859985,200,15,3.6,0.1,1.6
1.0552875449312789,1.0458751584065806,1.0628773966995162,1.0571100796877393,39095.393365859985,200,15,3.6,0.1,2.1
1.052394414634372,1.046224360116696,1.053490472079384,1.057468411707036,39095.393365859985,200,15,3.6,0.1,2.6
1.0529024272355025,1.0461854398022559,1.0590608984946586,1.0534609434095932,39095.393365859985,200,15,3.6,0.1,3.1
1.0549382046901787,1.0463670679363097,1.0626976655401448,1.0557498805940815,39095.393365859985,200,15,3.6,0.1,3.6
1.0557198588582932,1.0471033105511351,1.0636025189631868,1.0564537470605577,39095.393365859985,200,15,3.6,0.6,0.1
1.0542910777169638,1.0432199280658891,1.063411632076682,1.0562416730083206,39095.393365859985,200,15,3.6,0.6,0.6
1.0517118681837492,1.043370203724422,1.0593063244915932,1.0524590763352324,39095.393365859985,200,15,3.6,0.6,1.1
1.0539544061558017,1.046090301255847,1.0604764363153625,1.0552964808961958,39095.393365859985,200,15,3.6,0.6,1.6
1.0522625515255364,1.0452091885817167,1.0587683705387163,1.0528100954561763,39095.393365859985,200,15,3.6,0.6,2.1
1.0554857116683658,1.0458611038485885,1.0652337341751363,1.0553622969813727,39095.393365859985,200,15,3.6,0.6,2.6
1.0549598776550073,1.0462632804311363,1.0632083499378069,1.0554080025960788,39095.393365859985,200,15,3.6,0.6,3.1
1.054141876149577,1.0464146372095144,1.0597711464554846,1.0562398447837325,39095.393365859985,200,15,3.6,0.6,3.6
1.0517557773099673,1.0457108281900558,1.0555617187504842,1.053994784989362,39095.393365859985,200,15,3.6,1.1,0.1
1.054372849776682,1.045823264653994,1.0615746556753831,1.0557206290006695,39095.393365859985,200,15,3.6,1.1,0.6
1.0549290536297067,1.0461940887610204,1.06072062278706,1.0578724493410392,39095.393365859985,200,15,3.6,1.1,1.1
1.0533211772375122,1.0463724735355375,1.0601739921575237,1.0534170660194753,39095.393365859985,200,15,3.6,1.1,1.6
1.0523949513792485,1.0455248755766198,1.0584312196742405,1.0532287588868854,39095.393365859985,200,15,3.6,1.1,2.1
1.0545681866031913,1.0456059595650367,1.0618733812575107,1.0562252189870265,39095.393365859985,200,15,3.6,1.1,2.6
1.054179386569874,1.0464016637713676,1.0584560101789813,1.0576804857592732,39095.393365859985,200,15,3.6,1.1,3.1
1.0540999929642338,1.046696809489205,1.0589245507185838,1.0566786186849124,39095.393365859985,200,15,3.6,1.1,3.6
1.0528159603991551,1.0434664233906765,1.0591365095341183,1.0558449482726706,39095.393365859985,200,15,3.6,1.6,0.1
1.0530999704465487,1.0455410923743031,1.05861590893456,1.0551429100307828,39095.393365859985,200,15,3.6,1.6,0.6
1.0548396413917398,1.0456675833962334,1.0620630286187784,1.0567883121602073,39095.393365859985,200,15,3.6,1.6,1.1
1.0526207903640374,1.0457713709014071,1.056033977865798,1.0560570223249075,39095.393365859985,200,15,3.6,1.6,1.6
1.0538234159209214,1.0447713350442656,1.060093423017116,1.0566054897013823,39095.393365859985,200,15,3.6,1.6,2.1
1.0539533980115197,1.0463162553035685,1.0593187197439637,1.0562252189870265,39095.393365859985,200,15,3.6,1.6,2.6
1.0518911543267073,1.0450091814102884,1.0570132028030623,1.053651078766771,39095.393365859985,200,15,3.6,1.6,3.1
1.0531823404015104,1.0463854469736842,1.0570094842273512,1.0561520900034964,39095.393365859985,200,15,3.6,1.6,3.6
1.054390143772328,1.04600921726743,1.0602979446812282,1.0568632693683255,39095.393365859985,200,15,3.6,2.1,0.1
1.0525163627425462,1.0447724161641112,1.0589208321428727,1.053855839920655,39095.393365859985,200,15,3.6,2.1,0.6
1.0536056452939666,1.0450967521177785,1.062134921082527,1.053585262681594,39095.393365859985,200,15,3.6,2.1,1.1
1.0527967489877292,1.046354094498163,1.0545019246728118,1.057534227792213,39095.393365859985,200,15,3.6,2.1,1.6
1.0522566438470928,1.044632951704034,1.058931987870006,1.0532049919672382,39095.393365859985,200,15,3.6,2.1,2.1
1.052516041173742,1.045318381686118,1.057116083397737,1.0551136584373708,39095.393365859985,200,15,3.6,2.1,2.6
1.052518592256912,1.0462643615509817,1.0560314988153237,1.0552599164044307,39095.393365859985,200,15,3.6,2.1,3.1
1.0526111256668855,1.0449021505455782,1.0564628535978149,1.0564683728572637,39095.393365859985,200,15,3.6,2.1,3.6
1.0547937389176054,1.0453000026487436,1.0608668867650313,1.0582143273390419,39095.393365859985,200,15,3.6,2.6,0.1
1.0511227238660965,1.0448448511937636,1.0513163448136096,1.0572069755909164,39095.393365859985,200,15,3.6,2.6,0.6
1.0510332684368142,1.0465973464634137,1.0530268896407298,1.0534755692062991,39095.393365859985,200,15,3.6,2.6,1.1
1.0520429066408277,1.0460427319826422,1.0558480490802413,1.0542379388595993,39095.393365859985,200,15,3.6,2.6,1.6
1.053395495519572,1.0454816307827974,1.0610738874796175,1.0536309682963003,39095.393365859985,200,15,3.6,2.6,2.1
1.0540924040069812,1.0460297585444955,1.059808332212596,1.0564391212638518,39095.393365859985,200,15,3.6,2.6,2.6
1.051994135945011,1.044075093863726,1.056128181783813,1.0557791321874936,39095.393365859985,200,15,3.6,2.6,3.1
1.0525879585279858,1.0438210307000197,1.05773956459197,1.0562032802919674,39095.393365859985,200,15,3.6,2.6,3.6
1.0521537531368315,1.0459313766385498,1.0560451335929313,1.0544847491790128,39095.393365859985,200,15,3.6,3.1,0.1
1.0525629584428493,1.0461476006076613,1.0593509474001268,1.0521903273207598,39095.393365859985,200,15,3.6,3.1,0.6
1.0515542055107763,1.0448405267143812,1.0547523087706947,1.0550697810472527,39095.393365859985,200,15,3.6,3.1,1.1
1.0532575503558703,1.0443821318998645,1.059984344796256,1.0554061743714906,39095.393365859985,200,15,3.6,3.1,1.6
1.052588398692291,1.0444902438844204,1.0591997253212075,1.054075226871245,39095.393365859985,200,15,3.6,3.1,2.1
1.050880779796078,1.0443475360648067,1.0545998471665383,1.0536949561568891,39095.393365859985,200,15,3.6,3.1,2.6
1.0542239779221487,1.0455119021384731,1.061686212946717,1.055473818681256,39095.393365859985,200,15,3.6,3.1,3.1
1.051101054961432,1.0452729746526046,1.054956830434807,1.0530733597968842,39095.393365859985,200,15,3.6,3.1,3.6
1.0529755121166704,1.0462254412365417,1.056658698585268,1.0560423965282015,39095.393365859985,200,15,3.6,3.6,0.1
1.0537354236998877,1.0455410923743031,1.0597909788592774,1.0558741998660826,39095.393365859985,200,15,3.6,3.6,0.6
1.0510522454294404,1.045891375204264,1.0531681955177528,1.054097165566304,39095.393365859985,200,15,3.6,3.6,1.1
1.0531627530264263,1.0446253838651152,1.0599905424224414,1.0548723327917218,39095.393365859985,200,15,3.6,3.6,1.6
1.052098583733757,1.0435648052966224,1.0591749348164665,1.053556011088182,39095.393365859985,200,15,3.6,3.6,2.1
1.0527603300983615,1.0457270449877392,1.0590856889993994,1.053468256307946,39095.393365859985,200,15,3.6,3.6,2.6
1.051595841148661,1.0461421950084335,1.0546432305498348,1.054002097887715,39095.393365859985,200,15,3.6,3.6,3.1
1.052003915747311,1.0451778361061954,1.05870391522639,1.0521299959093475,39095.393365859985,200,15,3.6,3.6,3.6
1.0537266570239276,1.0438210307000197,1.0602781122774354,1.0570808280943274,39095.393365859985,200,15,4.1,0.1,0.1
1.054958556272769,1.044106446339247,1.0668823027404044,1.0538869197386553,39095.393365859985,200,15,4.1,0.1,0.6
1.0545342916800162,1.0456924491526813,1.0613341877793967,1.0565762381079704,39095.393365859985,200,15,4.1,0.1,1.1
1.0550956521714858,1.0462081433190127,1.0627658394281823,1.0563129737672625,39095.393365859985,200,15,4.1,0.1,1.6
1.0548082411022721,1.0457713709014071,1.0640004065642779,1.0546529458411318,39095.393365859985,200,15,4.1,0.1,2.1
1.0552668526806097,1.046826543870672,1.0649920267539128,1.0539819874172442,39095.393365859985,200,15,4.1,0.1,2.6
1.0553813145772566,1.0467011339685874,1.0618647045808514,1.0575781051823312,39095.393365859985,200,15,4.1,0.1,3.1
1.0550805695559038,1.0455237944567741,1.0634488178337933,1.0562690963771444,39095.393365859985,200,15,4.1,0.1,3.6
1.0547370525223794,1.0461724663641092,1.0608408567350534,1.0571978344679753,39095.393365859985,200,15,4.1,0.6,0.1
1.0536752142101782,1.044880528148667,1.060066153461901,1.0560789610199666,39095.393365859985,200,15,4.1,0.6,0.6
1.0536433593938772,1.0447075489733777,1.058790681992983,1.057431847215271,39095.393365859985,200,15,4.1,0.6,1.1
1.052725371218502,1.0463022007455762,1.0577036183600956,1.054170294549834,39095.393365859985,200,15,4.1,0.6,1.6
1.0524753772012236,1.0453562208807126,1.0563401405993476,1.0557297701236108,39095.393365859985,200,15,4.1,0.6,2.1
1.0515271609340051,1.0453691943188594,1.055239442188853,1.053972846294303,39095.393365859985,200,15,4.1,0.6,2.6
1.0551625278205459,1.0443745640609456,1.0653192614164924,1.0557937579841996,39095.393365859985,200,15,4.1,0.6,3.1
1.054042473810825,1.0450481017247286,1.0603933881244805,1.0566859315832653,39095.393365859985,200,15,4.1,0.6,3.6
1.053676473524018,1.04685140962712,1.0616750572195837,1.0525029537253503,39095.393365859985,200,15,4.1,1.1,0.1
1.0514329390394022,1.0447983630404045,1.0526810620995946,1.0568193919782076,39095.393365859985,200,15,4.1,1.1,0.6
1.0526084092704775,1.0464200428087422,1.0556918689003738,1.0557133161023167,39095.393365859985,200,15,4.1,1.1,1.1
1.0533004676789648,1.0449356652607904,1.0596546310832025,1.0553111066929017,39095.393365859985,200,15,4.1,1.1,1.6
1.0536279409688352,1.0456751512351523,1.0625960244707073,1.0526126472006454,39095.393365859985,200,15,4.1,1.1,2.1
1.0539679563057864,1.0447810651228755,1.0606251793438077,1.0564976244506756,39095.393365859985,200,15,4.1,1.1,2.6
1.0521407787344417,1.0451389157917554,1.0582886742719804,1.0529947461395894,39095.393365859985,200,15,4.1,1.1,3.1
1.0539546254610466,1.0470762825549962,1.061904369388437,1.0528832244397064,39095.393365859985,200,15,4.1,1.1,3.6
1.0517515750322883,1.0430718146470477,1.0546048052674863,1.0575781051823312,39095.393365859985,200,15,4.1,1.6,0.1
1.0520648240001842,1.044576733472065,1.0560488521686424,1.055568886359845,39095.393365859985,200,15,4.1,1.6,0.6
1.055179872478924,1.04526432569384,1.0631067088683692,1.0571685828745632,39095.393365859985,200,15,4.1,1.6,1.1
1.0529676881005812,1.045208107461871,1.0609214258754611,1.0527735309644113,39095.393365859985,200,15,4.1,1.6,1.6
1.0509833611452233,1.0435226416226455,1.0547671830735392,1.0546602587394849,39095.393365859985,200,15,4.1,1.6,2.1
1.0538600766187949,1.0460913823756923,1.0609090306230908,1.054579816857602,39095.393365859985,200,15,4.1,1.6,2.6
1.053609473283083,1.0460308396643412,1.060605346940015,1.054192233244893,39095.393365859985,200,15,4.1,1.6,3.1
1.0532198441852403,1.044814579838088,1.0581882727277798,1.0566566799898534,39095.393365859985,200,15,4.1,1.6,3.6
1.0539460617448124,1.04556379589106,1.0607640061703567,1.0555103831730208,39095.393365859985,200,15,4.1,2.1,0.1
1.0541813190205966,1.0450999954773152,1.0601144949461456,1.0573294666383293,39095.393365859985,200,15,4.1,2.1,0.6
1.0501428013902363,1.0445551110751539,1.049801644973942,1.0560716481216135,39095.393365859985,200,15,4.1,2.1,1.1
1.0535337191930574,1.045151889229902,1.060692113706608,1.0547571546426622,39095.393365859985,200,15,4.1,2.1,1.6
1.0551071828276546,1.045796236657855,1.0637388667392615,1.0557864450858465,39095.393365859985,200,15,4.1,2.1,2.1
1.053775013434004,1.0455378490147664,1.0609660487839947,1.0548211425032508,39095.393365859985,200,15,4.1,2.1,2.6
1.0535100901897552,1.0462124677983948,1.0581510869706685,1.0561667158002024,39095.393365859985,200,15,4.1,2.1,3.1
1.0543852683657688,1.0475444074481228,1.0608396172098162,1.0547717804393681,39095.393365859985,200,15,4.1,2.1,3.6
1.052079499337461,1.0456448798794769,1.0544250741081151,1.0561685440247908,39095.393365859985,200,15,4.1,2.6,0.1
1.0513021255373656,1.0451443213909832,1.056888010754121,1.0518740444669925,39095.393365859985,200,15,4.1,2.6,0.6
1.051303095861003,1.0436729172811783,1.0566785309890605,1.0535578393127705,39095.393365859985,200,15,4.1,2.6,1.1
1.0530979813149675,1.0457140715495925,1.0594315165405346,1.054148355854775,39095.393365859985,200,15,4.1,2.6,1.6
1.0537357125222975,1.0444859194050382,1.0599694704934115,1.0567517476684423,39095.393365859985,200,15,4.1,2.6,2.1
1.0527367463943484,1.0458708339271985,1.0563847635078811,1.0559546417479655,39095.393365859985,200,15,4.1,2.6,2.6
1.0511384012155858,1.0451486458703654,1.0549518723338587,1.0533146854425333,39095.393365859985,200,15,4.1,2.6,3.1
1.0527442216939626,1.046234090195306,1.0569946099245067,1.0550039649620757,39095.393365859985,200,15,4.1,2.6,3.6
1.053274911731547,1.045781100980017,1.0582279375353651,1.0558156966792585,39095.393365859985,200,15,4.1,3.1,0.1
1.0540266133365206,1.0457670464220248,1.060290507529806,1.0560222860577309,39095.393365859985,200,15,4.1,3.1,0.6
1.0507657221086157,1.045705422590828,1.0540668513146094,1.0525248924204094,39095.393365859985,200,15,4.1,3.1,1.1
1.0533152884605863,1.0448275532762346,1.060288028479332,1.054830283626192,39095.393365859985,200,15,4.1,3.1,1.6
1.0522756054139315,1.0455248755766198,1.0557860728183892,1.0555158678467857,39095.393365859985,200,15,4.1,3.1,2.1
1.051977944252192,1.046090301255847,1.0547225601650057,1.0551209713357237,39095.393365859985,200,15,4.1,3.1,2.6
1.0524460534975344,1.0456751512351523,1.0560228221386645,1.0556401871187866,39095.393365859985,200,15,4.1,3.1,3.1
1.0535892575933066,1.0455540658124498,1.058447333502322,1.0567663734651482,39095.393365859985,200,15,4.1,3.1,3.6
1.0531340754828902,1.0463627434569276,1.0576899835824882,1.055349499409255,39095.393365859985,200,15,4.1,3.6,0.1
1.0531583162543565,1.0458178590547662,1.059384414581527,1.054272675126776,39095.393365859985,200,15,4.1,3.6,0.6
1.0546473972046766,1.045649204358859,1.062784432306738,1.0555085549484327,39095.393365859985,200,15,4.1,3.6,1.1
1.0514988220160815,1.0448794470288214,1.056265769085125,1.053351249934298,39095.393365859985,200,15,4.1,3.6,1.6
1.0524419689711773,1.0453691943188594,1.0577717922481331,1.0541849203465399,39095.393365859985,200,15,4.1,3.6,2.1
1.0496480902422638,1.0447886329617946,1.049999969011869,1.054155668753128,39095.393365859985,200,15,4.1,3.6,2.6
1.0523221067231774,1.0461562495664258,1.054650667701257,1.0561594029018495,39095.393365859985,200,15,4.1,3.6,3.1
1.0540598212981809,1.0448329588754623,1.062305975565239,1.0550405294538407,39095.393365859985,200,15,4.1,3.6,3.6
1.0566221278451937,1.0469854684879691,1.0691493943989574,1.0537315206486542,39095.393365859985,200,15,4.6,0.1,0.1
1.05467917863578,1.0453216250456547,1.0631488527264288,1.0555670581352565,39095.393365859985,200,15,4.6,0.1,0.6
1.0547492236748413,1.0465832919054214,1.0618176026218438,1.0558467764972588,39095.393365859985,200,15,4.6,0.1,1.1
1.0551544984768222,1.0476038690396285,1.061795291167577,1.0560643352232606,39095.393365859985,200,15,4.6,0.1,1.6
1.0541367555037173,1.045925971039322,1.0615461465949312,1.0549381488768987,39095.393365859985,200,15,4.6,0.1,2.1
1.054970558503958,1.0444945683638025,1.0643363179035166,1.0560807892445547,39095.393365859985,200,15,4.6,0.1,2.6
1.0554042549748592,1.046276253869283,1.063073241686969,1.0568632693683255,39095.393365859985,200,15,4.6,0.1,3.1
1.0549735307449841,1.0447421448084355,1.065115979277617,1.0550624681488998,39095.393365859985,200,15,4.6,0.1,3.6
1.0551855518730524,1.046336796580634,1.0633657696429113,1.0558540893956119,39095.393365859985,200,15,4.6,0.6,0.1
1.0554030963427568,1.0451951340237244,1.063414111127156,1.05760004387739,39095.393365859985,200,15,4.6,0.6,0.6
1.0546422070897465,1.0458535360096695,1.0623158917671354,1.0557571934924346,39095.393365859985,200,15,4.6,0.6,1.1
1.0542590101333442,1.046623293339707,1.0587584543368198,1.0573952827235062,39095.393365859985,200,15,4.6,0.6,1.6
1.0529000917099252,1.04523513545801,1.0574519947369758,1.0560131449347896,39095.393365859985,200,15,4.6,0.6,2.1
1.0538760166838546,1.0456892057931446,1.0595381157109205,1.0564007285474983,39095.393365859985,200,15,4.6,0.6,2.6
1.0528815623963061,1.044106446339247,1.0596000919727726,1.0549381488768987,39095.393365859985,200,15,4.6,0.6,3.1
1.0519926134633382,1.0433053365336884,1.0576466001991918,1.0550259036571348,39095.393365859985,200,15,4.6,0.6,3.6
1.05268746248747,1.0458319136127583,1.0545700985608493,1.0576603752888023,39095.393365859985,200,15,4.6,1.1,0.1
1.0544852213644862,1.046882762102641,1.0611594147209735,1.0554134872698437,39095.393365859985,200,15,4.6,1.1,0.6
1.054471425299363,1.0458221835341484,1.0604454481844363,1.0571466441795043,39095.393365859985,200,15,4.6,1.1,1.1
1.051367416989627,1.0442448296794786,1.0556633598199219,1.0541940614694811,39095.393365859985,200,15,4.6,1.1,1.6
1.0546770115140927,1.0460686788589357,1.0612325467099593,1.0567298089733834,39095.393365859985,200,15,4.6,1.1,2.1
1.0529635246052151,1.0446989000146132,1.059355905501075,1.0548357682999567,39095.393365859985,200,15,4.6,1.1,2.6
1.0533166357784587,1.045445953827894,1.0584597287546924,1.0560442247527897,39095.393365859985,200,15,4.6,1.1,3.1
1.0513629006083067,1.0452394599373924,1.0521121200157915,1.0567371218717363,39095.393365859985,200,15,4.6,1.1,3.6
1.052496165111154,1.046766001159321,1.0559744806544198,1.054748013519721,39095.393365859985,200,15,4.6,1.6,0.1
1.0533857327065663,1.045550822452913,1.0587175500039974,1.0558888256627885,39095.393365859985,200,15,4.6,1.6,0.6
1.0545739101561928,1.0456232574825657,1.061792812117103,1.0563056608689094,39095.393365859985,200,15,4.6,1.6,1.1
1.053484001249679,1.0454719007041875,1.0593472288244157,1.0556328742204335,39095.393365859985,200,15,4.6,1.6,1.6
1.0546559152175135,1.0450610751628753,1.0632591704725256,1.0556475000171397,39095.393365859985,200,15,4.6,1.6,2.1
1.053017038769864,1.0462297657159239,1.058056883052653,1.054764467541015,39095.393365859985,200,15,4.6,1.6,2.6
1.0536697852603885,1.0453075704876624,1.0608148267050754,1.0548869585884277,39095.393365859985,200,15,4.6,1.6,3.1
1.0523965436538592,1.0446934944153854,1.0578870680951782,1.0546090684510139,39095.393365859985,200,15,4.6,1.6,3.6
1.0539448920195933,1.0462503069929894,1.0629059057799681,1.0526784632858224,39095.393365859985,200,15,4.6,2.1,0.1
1.0526106311777788,1.045705422590828,1.057318126011375,1.054808344931133,39095.393365859985,200,15,4.6,2.1,0.6
1.0528765890551681,1.0458275891333761,1.0582589256662913,1.054543252365837,39095.393365859985,200,15,4.6,2.1,1.1
1.0540113431785725,1.0449843156538405,1.0615758952006202,1.055473818681256,39095.393365859985,200,15,4.6,2.1,1.6
1.0537110045473221,1.0458967808034918,1.0606710417775784,1.054565191060896,39095.393365859985,200,15,4.6,2.1,2.1
1.0538552553006857,1.0457183960289747,1.0625253715321958,1.0533219983408861,39095.393365859985,200,15,4.6,2.1,2.6
1.0529732677512367,1.046034083023878,1.0582985904738766,1.0545871297559548,39095.393365859985,200,15,4.6,2.1,3.1
1.0545395278853034,1.0467303242044175,1.0620159266597708,1.0548723327917218,39095.393365859985,200,15,4.6,2.1,3.6
1.0528943189920428,1.0453248684051915,1.0584126267956848,1.0549454617752518,39095.393365859985,200,15,4.6,2.6,0.1
1.0513811198093441,1.0462297657159239,1.0528657513599142,1.0550478423521938,39095.393365859985,200,15,4.6,2.6,0.6
1.0505577079326487,1.0454859552621796,1.050788307062629,1.0553988614731378,39095.393365859985,200,15,4.6,2.6,1.1
1.0536829737462126,1.04477998400303,1.060802431452705,1.055466505782903,39095.393365859985,200,15,4.6,2.6,1.6
1.0537458889146245,1.0455713637299788,1.0600041772000488,1.0556621258138457,39095.393365859985,200,15,4.6,2.6,2.1
1.0518532097456454,1.0463411210600164,1.0527665893409506,1.0564519188359693,39095.393365859985,200,15,4.6,2.6,2.6
1.0532947847450795,1.0466103199015604,1.0579775534374825,1.0552964808961958,39095.393365859985,200,15,4.6,2.6,3.1
1.051591911173969,1.0439637385196334,1.0569908913487955,1.0538211036534784,39095.393365859985,200,15,4.6,2.6,3.6
1.0515515353978169,1.0459129976011752,1.0539862821742016,1.0547553264180738,39095.393365859985,200,15,4.6,3.1,0.1
1.0521561634012986,1.0453551397608671,1.0571916944371966,1.053921656005832,39095.393365859985,200,15,4.6,3.1,0.6
1.0500469010000888,1.044503217322567,1.0513721234492766,1.054265362228423,39095.393365859985,200,15,4.6,3.1,1.1
1.0533778567904255,1.0462124677983948,1.059502169479046,1.0544189330938358,39095.393365859985,200,15,4.6,3.1,1.6
1.0521848900150226,1.0463454455393986,1.055892671988775,1.054316552516894,39095.393365859985,200,15,4.6,3.1,2.1
1.0532065932806516,1.0452816236113691,1.0587857238920348,1.0555524323385506,39095.393365859985,200,15,4.6,3.1,2.6
1.0520461578591664,1.0455681203704421,1.0575920610887617,1.0529782921182953,39095.393365859985,200,15,4.6,3.1,3.1
1.0537189837441918,1.046696809489205,1.059302605915882,1.0551575358274887,39095.393365859985,200,15,4.6,3.1,3.6
1.0514285874507288,1.0457746142609439,1.0529587157526925,1.0555524323385506,39095.393365859985,200,15,4.6,3.6,0.1
1.0523982424298133,1.0458319136127583,1.0561467746623687,1.0552160390143128,39095.393365859985,200,15,4.6,3.6,0.6
1.0511637220377483,1.045472981824033,1.0531074587811375,1.054910725508075,39095.393365859985,200,15,4.6,3.6,1.1
1.053664889433305,1.0454589272660406,1.05890099973908,1.0566347412947943,39095.393365859985,200,15,4.6,3.6,1.6
1.0519019496575572,1.0462384146746884,1.0537321795006076,1.0557352547973755,39095.393365859985,200,15,4.6,3.6,2.1
1.0520839645034448,1.0463151741837229,1.0572363173457302,1.0527004019808814,39095.393365859985,200,15,4.6,3.6,2.6
1.0515039116875082,1.0468946544209423,1.0521158385915026,1.0555012420500796,39095.393365859985,200,15,4.6,3.6,3.1
1.050489192802167,1.0460697599787812,1.0495016798665775,1.0558961385611416,39095.393365859985,200,15,4.6,3.6,3.6
