avg_fitness,fitness_1,fitness_2,fitness_3,time,num_iter,num_ants,alpha,beta,Q,rho,tau0,q0,phi
1.0571362419652626,1.0473557343298683,1.063819171163979,1.0602338204019404,13.41087007522583,50,10,1,1,0.2,0.1,1,0.5,0.9
1.0574309237947552,1.0491520945361612,1.067073227422583,1.0560674494255216,12.248711824417114,50,10,1,1,0.2,0.3,1,0.5,0.9
1.0586782583615675,1.0500340424687689,1.0655013632946173,1.0604993693213165,12.191831111907959,50,10,1,1,0.2,0.5,1,0.5,0.9
1.0580579708567495,1.0496790990063207,1.0678504820032095,1.056644331560718,13.059295892715454,50,10,1,1,0.2,0.7,1,0.5,0.9
1.0546046586599154,1.0500968068615188,1.0549173128809182,1.058799856237309,12.639049053192139,50,10,1,1,0.2,0.9,1,0.5,0.9
1.0563914555725866,1.0485882971461138,1.062476640524715,1.0581094290469313,11.962371826171875,50,10,1,1,0.4,0.1,1,0.5,0.9
1.0577641438368632,1.0497754098848509,1.065598055252016,1.0579189663737234,12.509763956069946,50,10,1,1,0.4,0.3,1,0.5,0.9
1.057439776724098,1.0470700481283857,1.0648158421094713,1.0604334399344368,11.861149072647095,50,10,1,1,0.4,0.5,1,0.5,0.9
1.0581501545617729,1.0473297628570064,1.0658100337740049,1.061310667054307,11.850366353988647,50,10,1,1,0.4,0.7,1,0.5,0.9
1.0581445381390733,1.0485882971461138,1.0673769393400525,1.0584683779310535,11.620728015899658,50,10,1,1,0.4,0.9,1,0.5,0.9
1.056880469351676,1.0479801318232604,1.0635043024821942,1.0591569737495736,12.427747964859009,50,10,1,1,0.6,0.1,1,0.5,0.9
1.058221188087002,1.0488404368618165,1.0677265179552626,1.0580966094439268,11.900312662124634,50,10,1,1,0.6,0.3,1,0.5,0.9
1.0556029790964605,1.04687093350311,1.0633815780747267,1.0565564257115452,12.016360998153687,50,10,1,1,0.6,0.5,1,0.5,0.9
1.0562658675307814,1.048060210531252,1.0638055351187048,1.0569318569423873,12.072688817977905,50,10,1,1,0.6,0.7,1,0.5,0.9
1.058894986967602,1.0482723108929588,1.0691384684613767,1.0592741815484708,12.632152080535889,50,10,1,1,0.6,0.9,1,0.5,0.9
1.0564783926153618,1.049118548050381,1.0643608940535065,1.0559557357421978,12.992187023162842,50,10,1,1,0.8,0.1,1,0.5,0.9
1.0547598347958789,1.0491434373785404,1.0571932928012218,1.0579427742078744,11.579936981201172,50,10,1,1,0.8,0.3,1,0.5,0.9
1.0563992613483013,1.0492202696524242,1.0601374389399587,1.0598400754525206,12.343589067459106,50,10,1,1,0.8,0.5,1,0.5,0.9
1.0585287737364881,1.048878311926407,1.066091432162844,1.0606165771202136,12.3227059841156,50,10,1,1,0.8,0.7,1,0.5,0.9
1.0568538728005212,1.0493944949495404,1.0606109816031155,1.0605561418489073,11.581138849258423,50,10,1,1,0.8,0.9,1,0.5,0.9
1.0556856372952959,1.0469434371981832,1.0634398411772619,1.0566736335104423,12.061259984970093,50,10,1,1,1,0.1,1,0.5,0.9
1.056221146928731,1.0475288774822822,1.061001468354148,1.0601330949497632,12.083818912506104,50,10,1,1,1,0.3,1,0.5,0.9
1.0561760184322606,1.0459273033224548,1.068469062602464,1.0541316893718624,12.28705620765686,50,10,1,1,1,0.5,1,0.5,0.9
1.0569918728174927,1.048619679342489,1.0642245336007652,1.0581314055092244,12.204530000686646,50,10,1,1,1,0.7,1,0.5,0.9
1.0575545786742804,1.0487181545104243,1.0664075404851086,1.057538041027308,12.04968786239624,50,10,1,1,1,0.9,1,0.5,0.9
1.0566461560928355,1.047371966500407,1.0633729005913706,1.059193601186729,12.176051139831543,50,10,1,1,1.2,0.1,1,0.5,0.9
1.0567391915150506,1.0491347802209199,1.0612518757310005,1.0598309185932318,12.11263394355774,50,10,1,1,1.2,0.3,1,0.5,0.9
1.0576123104228552,1.0498836243551093,1.0629539021093102,1.0599994048041461,12.502735137939453,50,10,1,1,1.2,0.5,1,0.5,0.9
1.0582785248382012,1.047545109652821,1.0698549806585094,1.0574354842032732,12.14212703704834,50,10,1,1,1.2,0.7,1,0.5,0.9
1.0584605952008836,1.0492375839676655,1.0672802473826541,1.058863954252331,12.00044870376587,50,10,1,1,1.2,0.9,1,0.5,0.9
1.0571689593756015,1.0476414205313511,1.063851401816445,1.0600140557790083,11.848408937454224,50,10,1,1,1.4,0.1,1,0.5,0.9
1.0577274536092522,1.0486445686706483,1.064553038327824,1.0599847538292841,12.103532075881958,50,10,1,1,1.4,0.3,1,0.5,0.9
1.0569200500121179,1.0493252376885749,1.0627394443063622,1.0586954680414165,11.490827083587646,50,10,1,1,1.4,0.5,1,0.5,0.9
1.058116633224202,1.0481792464485364,1.065555907475714,1.0606147457483557,11.862457990646362,50,10,1,1,1.4,0.7,1,0.5,0.9
1.055821788317163,1.0479703925209372,1.0611291513235332,1.0583658211070186,12.030452966690063,50,10,1,1,1.4,0.9,1,0.5,0.9
1.0560749758293615,1.045030205364011,1.0626898586871836,1.0605048634368899,11.838352680206299,50,10,1,1,1.6,0.1,1,0.5,0.9
1.057898163332954,1.049879295776299,1.064443949965631,1.0593712442569323,12.232677936553955,50,10,1,1,1.6,0.3,1,0.5,0.9
1.0561931298114233,1.0458050209710625,1.065373680325232,1.0574006881379756,11.819255113601685,50,10,1,1,1.6,0.5,1,0.5,0.9
1.0559424434957092,1.0451643913071316,1.064099329912339,1.0585636092676574,11.849141120910645,50,10,1,1,1.6,0.7,1,0.5,0.9
1.0582880150582186,1.0498706386186785,1.063395214120001,1.0615981924359763,11.450743198394775,50,10,1,1,1.6,0.9,1,0.5,0.9
1.0563346691409516,1.0488739833475966,1.0613832776218242,1.058746746453434,11.532607078552246,50,10,1,1,1.8,0.1,1,0.5,0.9
1.0578001660031129,1.0481684250015104,1.064080735305147,1.0611513377026813,12.103605031967163,50,10,1,1,1.8,0.3,1,0.5,0.9
1.0574233255807417,1.0484292218748337,1.0649236908311852,1.0589170640362062,11.914784908294678,50,10,1,1,1.8,0.5,1,0.5,0.9
1.0569536982943972,1.0489692120814242,1.0633282735341096,1.0585636092676574,13.23350214958191,50,10,1,1,1.8,0.7,1,0.5,0.9
1.058456880594337,1.0491683267067,1.0681368389539665,1.0580654761223447,11.918457746505737,50,10,1,1,1.8,0.9,1,0.5,0.9
1.054678874949788,1.0485937078696268,1.0554416808037332,1.060001236176004,12.001406908035278,50,10,1,1,0.2,0.1,1,0.5,0.9
1.0581951762851676,1.049761342003717,1.0664583657447666,1.0583658211070186,12.61039400100708,50,10,1,1,0.2,0.3,1,0.5,0.9
1.0559440624696697,1.04778318148739,1.0635365331346602,1.0565124727869588,13.064663887023926,50,10,1,1,0.2,0.5,1,0.5,0.9
1.058781527201868,1.048243092985989,1.0666443118166868,1.0614571768029284,11.576300144195557,50,10,1,1,0.2,0.7,1,0.5,0.9
1.055859447860782,1.0480353212030924,1.0602688408307823,1.0592741815484708,12.425477981567383,50,10,1,1,0.2,0.9,1,0.5,0.9
1.057797027916706,1.0493598663190578,1.0643175066367252,1.0597137107943346,12.197651863098145,50,10,1,1,0.4,0.1,1,0.5,0.9
1.0585339252549246,1.0482604073012303,1.0682136966636937,1.0591276717998495,11.995507955551147,50,10,1,1,0.4,0.3,1,0.5,0.9
1.0566944389550248,1.0480136783090408,1.0651542639603662,1.0569153745956674,11.626857042312622,50,10,1,1,0.4,0.5,1,0.5,0.9
1.0552487184890773,1.0486413222365405,1.0587316866362417,1.0583731465944495,12.21205186843872,50,10,1,1,0.4,0.7,1,0.5,0.9
1.056939705745193,1.048394593244351,1.0652893847726281,1.0571351392185995,11.669880151748657,50,10,1,1,0.4,0.9,1,0.5,0.9
1.0584560167517079,1.0478913959576484,1.069652919260356,1.0578237350371196,11.879418134689331,50,10,1,1,0.6,0.1,1,0.5,0.9
1.0577271402536597,1.0480786069911958,1.0663542359444913,1.0587485778252916,12.19994592666626,50,10,1,1,0.6,0.3,1,0.5,0.9
1.0553614921410377,1.0472431912807993,1.06174277336087,1.057098511781444,11.913328886032104,50,10,1,1,0.6,0.5,1,0.5,0.9
1.0582249122680774,1.04737737722392,1.069422346131175,1.057875013449137,12.174487829208374,50,10,1,1,0.6,0.7,1,0.5,0.9
1.0588536306120016,1.0494669986446137,1.066096390724762,1.060997502466629,11.579360008239746,50,10,1,1,0.6,0.9,1,0.5,0.9
1.0572083563751666,1.049537338050282,1.0638464432545274,1.0582412878206904,11.78633427619934,50,10,1,1,0.8,0.1,1,0.5,0.9
1.0554027220003102,1.0475537668104415,1.062383667488755,1.0562707317017337,11.689002990722656,50,10,1,1,0.8,0.3,1,0.5,0.9
1.0533011013762652,1.0491033980245448,1.054924750723795,1.055875155380456,11.5570969581604,50,10,1,1,0.8,0.5,1,0.5,0.9
1.0558875465656976,1.045966260531748,1.0632774482744514,1.0584189308908938,11.85507607460022,50,10,1,1,0.8,0.7,1,0.5,0.9
1.0576743197785399,1.0474542094978037,1.0655968156115363,1.0599719342262797,12.111565113067627,50,10,1,1,0.8,0.9,1,0.5,0.9
1.0570964752554268,1.0477139242264244,1.0634076105247956,1.0601678910150607,11.664813041687012,50,10,1,1,1,0.1,1,0.5,0.9
1.0562866345503403,1.0479758032444502,1.0643844472226165,1.0564996531839543,12.079188108444214,50,10,1,1,1,0.3,1,0.5,0.9
1.0576019662402334,1.0468060048209546,1.0665773712307955,1.0594225226689498,12.028276920318604,50,10,1,1,1,0.5,1,0.5,0.9
1.056330471889459,1.048472507662937,1.0623142476219047,1.0582046603835351,12.105167865753174,50,10,1,1,1,0.7,1,0.5,0.9
1.0588653925106453,1.0498576528822474,1.0660505240270217,1.0606880006226664,11.949033975601196,50,10,1,1,1,0.9,1,0.5,0.9
1.0558751331820544,1.046849290609058,1.0618828527350497,1.0588932562020552,12.057387828826904,50,10,1,1,1.2,0.1,1,0.5,0.9
1.0560652259094219,1.0476489955442692,1.0636679350254838,1.0568787471585122,12.111140966415405,50,10,1,1,1.2,0.3,1,0.5,0.9
1.0538798629150594,1.0455463883871445,1.057148665743961,1.0589445346140727,12.03496503829956,50,10,1,1,1.2,0.5,1,0.5,0.9
1.057546776639146,1.0478188922625753,1.0649831935741996,1.0598382440806629,11.679774045944214,50,10,1,1,1.2,0.7,1,0.5,0.9
1.0572909313788679,1.0482041357766958,1.065007986383789,1.058660671976119,12.114075899124146,50,10,1,1,1.2,0.9,1,0.5,0.9
1.0565294020103326,1.0472215483867477,1.0639642091000767,1.0584024485441739,11.798666000366211,50,10,1,1,1.4,0.1,1,0.5,0.9
1.05647579307794,1.047260505596041,1.065691028287976,1.0564758453498035,12.052830934524536,50,10,1,1,1.4,0.3,1,0.5,0.9
1.0545850268794308,1.048047224794821,1.0576643561834196,1.0580434996600516,12.06136703491211,50,10,1,1,1.4,0.5,1,0.5,0.9
1.0563981525467774,1.0447672442012825,1.065598055252016,1.0588291581870335,11.802968263626099,50,10,1,1,1.4,0.7,1,0.5,0.9
1.0569620932107877,1.0485103827275277,1.064010075797817,1.0583658211070186,11.658104181289673,50,10,1,1,1.4,0.9,1,0.5,0.9
1.0577849765723495,1.0478307958543036,1.0647042744663193,1.0608198593964255,11.783149003982544,50,10,1,1,1.6,0.1,1,0.5,0.9
1.05562710525484,1.0495459952079025,1.0608155222822278,1.05651979827439,12.013145208358765,50,10,1,1,1.6,0.3,1,0.5,0.9
1.0554585492547293,1.0455929206093557,1.0649881521361175,1.0557945750187143,11.787039041519165,50,10,1,1,1.6,0.5,1,0.5,0.9
1.056311091127158,1.0453851488264592,1.0632117473290397,1.0603363772259753,11.711887121200562,50,10,1,1,1.6,0.7,1,0.5,0.9
1.0545542471754246,1.0469261228829416,1.0574313037732797,1.0593053148700526,12.286028861999512,50,10,1,1,1.6,0.9,1,0.5,0.9
1.0543955313657358,1.0489832799625578,1.0552148265959906,1.058988487538659,12.192692995071411,50,10,1,1,1.8,0.1,1,0.5,0.9
1.0577948251762448,1.0484984791357992,1.0653773992466704,1.0595085971462648,13.811792135238647,50,10,1,1,1.8,0.3,1,0.5,0.9
1.0569141191133595,1.047761538593338,1.0632799275554103,1.0597008911913304,11.926017999649048,50,10,1,1,1.8,0.5,1,0.5,0.9
1.057415198259363,1.047623024071407,1.0639418955714464,1.0606806751352353,11.851451873779297,50,10,1,1,1.8,0.7,1,0.5,0.9
1.0575489872816224,1.0484508647688855,1.0643212255581636,1.0598748715178181,13.132099628448486,50,10,1,1,1.8,0.9,1,0.5,0.9
1.0561628191630228,1.0479314353116442,1.0618469031611453,1.0587101190162787,12.793715000152588,50,10,1,1,0.2,0.1,1,0.5,0.9
1.0578414575724384,1.049160751693782,1.0656315255449615,1.0587320954785717,11.76713514328003,50,10,1,1,0.2,0.3,1,0.5,0.9
1.0564814120344612,1.0517968561892814,1.0585197081142528,1.0591276717998495,11.895648717880249,50,10,1,1,0.2,0.5,1,0.5,0.9
1.0579565324177491,1.048501725569907,1.0641799065435043,1.0611879651398366,12.195789098739624,50,10,1,1,0.2,0.7,1,0.5,0.9
1.0567949105691132,1.0492170232183164,1.0650141845861862,1.0561535239028366,11.769909858703613,50,10,1,1,0.2,0.9,1,0.5,0.9
1.0565193697879114,1.0488664083346786,1.061791119339569,1.0589005816894863,11.984323978424072,50,10,1,1,0.4,0.1,1,0.5,0.9
1.057531903020401,1.0469564229346142,1.0677203197528653,1.0579189663737234,11.761439085006714,50,10,1,1,0.4,0.3,1,0.5,0.9
1.0565888196847364,1.046256275312041,1.069671513867548,1.0538386698746196,12.103550910949707,50,10,1,1,0.4,0.5,1,0.5,0.9
1.0588643920325245,1.0489562263449932,1.0688682268368528,1.0587687229157272,11.89147686958313,50,10,1,1,0.4,0.7,1,0.5,0.9
1.0580285387942057,1.0497018240450748,1.0656736733212633,1.0587101190162787,11.992491960525513,50,10,1,1,0.4,0.9,1,0.5,0.9
1.0572269551646114,1.04728106634539,1.066207958367914,1.0581918407805306,11.611922979354858,50,10,1,1,0.6,0.1,1,0.5,0.9
1.058972448756003,1.0482733930376613,1.0682050191803374,1.0604389340500102,11.529894828796387,50,10,1,1,0.6,0.3,1,0.5,0.9
1.0553049616727428,1.04586670321911,1.062471681962797,1.057576499836321,11.605446100234985,50,10,1,1,0.6,0.5,1,0.5,0.9
1.0562805596076015,1.0469650800922348,1.062397303534029,1.0594792951965406,12.640336036682129,50,10,1,1,0.6,0.7,1,0.5,0.9
1.0572848523910328,1.0487625224432302,1.0655100407779736,1.0575819939518945,11.726895809173584,50,10,1,1,0.6,0.9,1,0.5,0.9
1.0572675121528743,1.0469185478700236,1.0631026589668464,1.061781329621753,11.768976926803589,50,10,1,1,0.8,0.1,1,0.5,0.9
1.0572565962563465,1.046961833658127,1.0646968366234424,1.06011111848747,11.884355068206787,50,10,1,1,0.8,0.3,1,0.5,0.9
1.0545879101511184,1.0477117599370191,1.0591878743326861,1.05686409618365,12.370755910873413,50,10,1,1,0.8,0.5,1,0.5,0.9
1.0527456061841607,1.0469347800405624,1.0519161432801258,1.0593858952317945,11.9448881149292,50,10,1,1,0.8,0.7,1,0.5,0.9
1.0584116898301448,1.049746191977881,1.066734805571688,1.058754071940865,12.077882051467896,50,10,1,1,0.8,0.9,1,0.5,0.9
1.05539281550012,1.0475418632187132,1.0607597384606517,1.0578768448209948,12.051653861999512,50,10,1,1,1,0.1,1,0.5,0.9
1.0572197857754355,1.0485579970944414,1.0661273817367487,1.056973978495116,12.31439995765686,50,10,1,1,1,0.3,1,0.5,0.9
1.0558181149689005,1.0459521926506143,1.0612097279546986,1.060292424301389,11.704157829284668,50,10,1,1,1,0.5,1,0.5,0.9
1.0570628074802133,1.0489389120297519,1.0675244565571094,1.0547250538537787,12.166670083999634,50,10,1,1,1,0.7,1,0.5,0.9
1.0563125662302675,1.0490427979212,1.0620638402450522,1.0578310605245507,11.913382053375244,50,10,1,1,1,0.9,1,0.5,0.9
1.0570899139203649,1.0462335502732867,1.0661063078485977,1.0589298836392105,11.955816984176636,50,10,1,1,1.2,0.1,1,0.5,0.9
1.0557177165284461,1.0467410761387994,1.0579494734936974,1.062462599952842,11.77747106552124,50,10,1,1,1.2,0.3,1,0.5,0.9
1.0568809279685778,1.0476111204796787,1.067171159020461,1.055860504405594,11.621634006500244,50,10,1,1,1.2,0.5,1,0.5,0.9
1.0593629976513037,1.048723565233937,1.0688459133082224,1.0605195144117519,12.192718982696533,50,10,1,1,1.2,0.7,1,0.5,0.9
1.0575778005383525,1.0467973476633339,1.0646546888471407,1.0612813651045827,11.819381952285767,50,10,1,1,1.2,0.9,1,0.5,0.9
1.0574926009436576,1.0479173674305104,1.0653650028418757,1.0591954325585868,11.875458717346191,50,10,1,1,1.4,0.1,1,0.5,0.9
1.0562971903021101,1.0489562263449932,1.062397303534029,1.057538041027308,11.596966981887817,50,10,1,1,1.4,0.3,1,0.5,0.9
1.0574192671813494,1.0473946915391614,1.0661658105916123,1.0586972994132742,11.362651109695435,50,10,1,1,1.4,0.5,1,0.5,0.9
1.0545462912798758,1.0465408793688211,1.0579556716960947,1.0591423227747114,11.805551052093506,50,10,1,1,1.4,0.7,1,0.5,0.9
1.0596922653126357,1.0498565707375447,1.0698215103655637,1.0593987148347987,12.139595985412598,50,10,1,1,1.4,0.9,1,0.5,0.9
1.057484228849219,1.0484508647688855,1.0639071856380213,1.0600946361407502,12.954904079437256,50,10,1,1,1.6,0.1,1,0.5,0.9
1.0580168702790653,1.0478362065778166,1.0674823087808074,1.0587320954785717,12.300925254821777,50,10,1,1,1.6,0.3,1,0.5,0.9
1.0568956267212206,1.0485753114096827,1.063201830205204,1.0589097385487751,11.336859226226807,50,10,1,1,1.6,0.5,1,0.5,0.9
1.056957274077569,1.0480299104795794,1.0639852829882277,1.0588566287649,11.745781183242798,50,10,1,1,1.6,0.7,1,0.5,0.9
1.0575565206130435,1.0482993645105234,1.0647736943331696,1.0595965029954375,12.447819948196411,50,10,1,1,1.6,0.9,1,0.5,0.9
1.0570427477866235,1.0481554392650794,1.0629514228283514,1.0600213812664394,12.44527268409729,50,10,1,1,1.8,0.1,1,0.5,0.9
1.0570431924113306,1.0471988233479934,1.0629204318163645,1.0610103220696334,12.172205924987793,50,10,1,1,1.8,0.3,1,0.5,0.9
1.057781825984498,1.0486965116163725,1.0634262051319876,1.0612227612051341,12.136710166931152,50,10,1,1,1.8,0.5,1,0.5,0.9
1.0565254200291494,1.047134976810541,1.064176187622066,1.0582650956548414,11.691276788711548,50,10,1,1,1.8,0.7,1,0.5,0.9
1.0541192646725595,1.047853520893058,1.0541239429740588,1.0603803301505617,11.607611894607544,50,10,1,1,1.8,0.9,1,0.5,0.9
1.0558379093342296,1.04661987593211,1.0606655257842121,1.060228326286367,12.051906108856201,50,10,1,1,0.2,0.1,1,0.5,0.9
1.0554739985519985,1.0459273033224548,1.0644290742798774,1.0560656180536638,12.151432037353516,50,10,1,1,0.2,0.3,1,0.5,0.9
1.0583747722580805,1.0495297630373637,1.0650823648125571,1.0605121889243208,11.921585321426392,50,10,1,1,0.2,0.5,1,0.5,0.9
1.053979086645165,1.0491953803242646,1.0564271949849104,1.05631468462632,12.17094898223877,50,10,1,1,0.2,0.7,1,0.5,0.9
1.058044282348335,1.0465798365781143,1.071434282629352,1.056118727837539,12.281946897506714,50,10,1,1,0.2,0.9,1,0.5,0.9
1.057242933294407,1.0493263198332776,1.0649212115502262,1.0574812684997172,12.183143138885498,50,10,1,1,0.4,0.1,1,0.5,0.9
1.0566610866427004,1.048488739833476,1.0635737223490442,1.0579207977455813,11.696704149246216,50,10,1,1,0.4,0.3,1,0.5,0.9
1.0561214205282468,1.0483556360350579,1.061833267115871,1.0581753584338107,11.238618850708008,50,10,1,1,0.4,0.5,1,0.5,0.9
1.0568554121099163,1.0471858376115624,1.0638278486473354,1.0595525500708511,12.059818029403687,50,10,1,1,0.4,0.7,1,0.5,0.9
1.0576092657785738,1.0505502254919024,1.0626737433609506,1.0596038284828686,12.116035223007202,50,10,1,1,0.4,0.9,1,0.5,0.9
1.0578682474283883,1.0486413222365405,1.0678356063174559,1.0571278137311684,11.909624099731445,50,10,1,1,0.6,0.1,1,0.5,0.9
1.056598509057589,1.0473762950792176,1.0651815360509145,1.0572376960426344,12.887044906616211,50,10,1,1,0.6,0.3,1,0.5,0.9
1.0573194409617248,1.0494724093681267,1.0611093170758616,1.0613765964411865,12.44051718711853,50,10,1,1,0.6,0.5,1,0.5,0.9
1.0562237610672198,1.0490904122881137,1.0612791478215489,1.0583017230919967,11.817747116088867,50,10,1,1,0.6,0.7,1,0.5,0.9
1.0599378348009552,1.0484638505053165,1.0705590964508473,1.0607905574467014,11.813161134719849,50,10,1,1,0.6,0.9,1,0.5,0.9
1.0566780824165845,1.0457455030124203,1.064150155171997,1.0601385890653365,12.108053922653198,50,10,1,1,0.8,0.1,1,0.5,0.9
1.0568246425940018,1.047094937456545,1.0626030838536207,1.0607759064718392,12.505616188049316,50,10,1,1,0.8,0.3,1,0.5,0.9
1.0559361655662405,1.0488696547687864,1.060199420963932,1.0587394209660028,11.756298065185547,50,10,1,1,0.8,0.5,1,0.5,0.9
1.0562453791335014,1.0481392070945406,1.06157914081758,1.0590177894883834,12.116017818450928,50,10,1,1,0.8,0.7,1,0.5,0.9
1.0573037281200088,1.0479271067328337,1.0656017741734543,1.0583823034537383,11.801401138305664,50,10,1,1,0.8,0.9,1,0.5,0.9
1.0581904860325462,1.0489107762674845,1.0662674611109286,1.0593932207192256,11.91693902015686,50,10,1,1,1,0.1,1,0.5,0.9
1.0581369219753085,1.049029812184769,1.0658137526954432,1.0595672010457133,11.7538161277771,50,10,1,1,1,0.3,1,0.5,0.9
1.0555256783237714,1.0484681790841268,1.059770505358036,1.058338350529152,11.871450901031494,50,10,1,1,1,0.5,1,0.5,0.9
1.057812848542256,1.047212891229127,1.0660852339604467,1.0601404204371943,12.060626983642578,50,10,1,1,1,0.7,1,0.5,0.9
1.0559055787143732,1.0475407810740105,1.0649088151454316,1.0552671399236775,11.724244832992554,50,10,1,1,1,0.9,1,0.5,0.9
1.059069640271229,1.050865129600355,1.0673186762375175,1.0590251149758145,11.943952083587646,50,10,1,1,1.2,0.1,1,0.5,0.9
1.058057520409827,1.0492473232699888,1.0655100407779736,1.0594151971815187,11.748920917510986,50,10,1,1,1.2,0.3,1,0.5,0.9
1.0563444104681523,1.0485450113580104,1.0606060230411976,1.0598821970052492,11.635458946228027,50,10,1,1,1.2,0.5,1,0.5,0.9
1.0558690733139722,1.0478881495235408,1.0624667234008793,1.0572523470174964,12.146769046783447,50,10,1,1,1.2,0.7,1,0.5,0.9
1.0573575770508388,1.0490211550271482,1.0661050682081183,1.0569465079172495,11.568971157073975,50,10,1,1,1.2,0.9,1,0.5,0.9
1.0568027781358904,1.048520122029851,1.0622770584075207,1.0596111539702997,11.673256158828735,50,10,1,1,1.4,0.1,1,0.5,0.9
1.0576881146265187,1.0482647358800405,1.069114915292267,1.0556846927072483,12.093360900878906,50,10,1,1,1.4,0.3,1,0.5,0.9
1.0563696903869175,1.0466750653119417,1.0607039546390755,1.0617300512097356,11.9801926612854,50,10,1,1,1.4,0.5,1,0.5,0.9
1.055981105489044,1.0482290251048554,1.0610188233208604,1.0586954680414165,12.928295850753784,50,10,1,1,1.4,0.7,1,0.5,0.9
1.0572385923665006,1.049834927843493,1.0612642721357952,1.0606165771202136,11.393309831619263,50,10,1,1,1.4,0.9,1,0.5,0.9
1.0584371120049216,1.0483253359833855,1.0687740141604132,1.0582119858709662,12.230398893356323,50,10,1,1,1.6,0.1,1,0.5,0.9
1.0558411044542604,1.0484584397818035,1.061915083387516,1.0571497901934614,12.229783773422241,50,10,1,1,1.6,0.3,1,0.5,0.9
1.0569321631180597,1.0467497332964202,1.064618739273236,1.0594280167845231,12.009216070175171,50,10,1,1,1.6,0.5,1,0.5,0.9
1.0565136254189333,1.0483502253115449,1.0636233079682231,1.0575673429770323,12.224787950515747,50,10,1,1,1.6,0.7,1,0.5,0.9
1.0560394081463056,1.0466761474566444,1.063779502668636,1.057662574313636,11.715475082397461,50,10,1,1,1.6,0.9,1,0.5,0.9
1.0565183033302146,1.0487700974561482,1.0613274938002482,1.0594573187342473,11.74204707145691,50,10,1,1,1.8,0.1,1,0.5,0.9
1.0562225358227135,1.0480277461901744,1.0641786669030249,1.0564611943749413,11.347434997558594,50,10,1,1,1.8,0.3,1,0.5,0.9
1.0600638864284864,1.0504041359570533,1.0687021150126041,1.0610854083158017,11.891223907470703,50,10,1,1,1.8,0.5,1,0.5,0.9
1.0578166927978394,1.048298282365821,1.0642220543198062,1.0609297417078916,12.036878108978271,50,10,1,1,1.8,0.7,1,0.5,0.9
1.0595676158188716,1.0487830831925793,1.0695760615506291,1.0603437027134064,12.262216329574585,50,10,1,1,1.8,0.9,1,0.5,0.9
1.0564722132841615,1.046823319136196,1.063450997941577,1.0591423227747114,11.00885558128357,50,10,1,1,0.2,0.1,1,0.5,0.9
1.0548097413586042,1.0501346819261093,1.0564854580874454,1.0578090840622574,12.08254623413086,50,10,1,1,0.2,0.3,1,0.5,0.9
1.057080380931902,1.0477398956992865,1.0655236768232477,1.057977570273172,12.861824750900269,50,10,1,1,0.2,0.5,1,0.5,0.9
1.056679164667569,1.049273294742851,1.061094441390108,1.0596697578697483,12.38127088546753,50,10,1,1,0.2,0.7,1,0.5,0.9
1.0576293170240332,1.0487744260349587,1.068392204892737,1.0557213201444036,11.859285116195679,50,10,1,1,0.2,0.9,1,0.5,0.9
1.0553480218756361,1.0475505203763338,1.0606258572888692,1.057867687961706,11.67442011833191,50,10,1,1,0.4,0.1,1,0.5,0.9
1.0571245012978692,1.0478968066811614,1.0626861397657452,1.0607905574467014,12.106726884841919,50,10,1,1,0.4,0.3,1,0.5,0.9
1.054057453178908,1.0482517501436097,1.0588073047054893,1.055113304687625,11.740896463394165,50,10,1,1,0.4,0.5,1,0.5,0.9
1.057383275811401,1.0484151539937,1.0625485396725243,1.0611861337679789,11.914354085922241,50,10,1,1,0.4,0.7,1,0.5,0.9
1.057037768557721,1.0472172198079372,1.066848852495799,1.0570472333694265,12.39920687675476,50,10,1,1,0.4,0.9,1,0.5,0.9
1.0544921485880534,1.04715553755989,1.0559772054908636,1.0603437027134064,12.386454105377197,50,10,1,1,0.6,0.1,1,0.5,0.9
1.0556213404092665,1.0478004958026312,1.062432013467454,1.0566315119577137,12.242520093917847,50,10,1,1,0.6,0.3,1,0.5,0.9
1.0573798259881007,1.0480428962160104,1.0667856308313464,1.057310950916945,12.2015700340271,50,10,1,1,0.6,0.5,1,0.5,0.9
1.0580320825472531,1.047074376707196,1.068683520405412,1.058338350529152,12.07154393196106,50,10,1,1,0.6,0.7,1,0.5,0.9
1.0573189100885507,1.048488739833476,1.066352996304012,1.057114994128164,11.989612102508545,50,10,1,1,0.6,0.9,1,0.5,0.9
1.0562734715098727,1.0476111204796787,1.0625944063702646,1.0586148876796748,12.227262020111084,50,10,1,1,0.8,0.1,1,0.5,0.9
1.0578196447422383,1.049160751693782,1.0671996707514886,1.057098511781444,11.660379886627197,50,10,1,1,0.8,0.3,1,0.5,0.9
1.0575136845706428,1.048047224794821,1.0696442417769998,1.054849587140107,11.903771162033081,50,10,1,1,0.8,0.5,1,0.5,0.9
1.0554694900757324,1.046849290609058,1.064248086769875,1.055311092848264,12.021945714950562,50,10,1,1,0.8,0.7,1,0.5,0.9
1.0574015800147805,1.0446806726250757,1.0679422153986902,1.0595818520205755,12.083076000213623,50,10,1,1,0.8,0.9,1,0.5,0.9
1.056511146528539,1.0464369934773727,1.063336951017466,1.0597594950907787,12.382442951202393,50,10,1,1,1,0.1,1,0.5,0.9
1.0566819309109368,1.0485666542520622,1.0617068237869653,1.0597723146937832,12.347506999969482,50,10,1,1,1,0.3,1,0.5,0.9
1.0578428089751133,1.049273294742851,1.0671785968633376,1.057076535319151,11.795186042785645,50,10,1,1,1,0.5,1,0.5,0.9
1.0567861392330216,1.0471912483350754,1.063856360378363,1.059310808985626,12.270721197128296,50,10,1,1,1,0.7,1,0.5,0.9
1.0583068161020712,1.0476143669137865,1.0660393672627064,1.0612667141297207,12.22478699684143,50,10,1,1,1,0.9,1,0.5,0.9
1.0583851677271028,1.0474801809706658,1.067690568381358,1.0599847538292841,12.437272071838379,50,10,1,1,1.2,0.1,1,0.5,0.9
1.0549706806917338,1.0490049228566096,1.0556201890327768,1.0602869301858155,12.17609691619873,50,10,1,1,1.2,0.3,1,0.5,0.9
1.0560294061559308,1.0456188920822178,1.0615469101651138,1.0609224162204605,11.7339768409729,50,10,1,1,1.2,0.5,1,0.5,0.9
1.055074353818145,1.0480699498335753,1.057805675198079,1.0593474364227813,12.003223180770874,50,10,1,1,1.2,0.7,1,0.5,0.9
1.0585252747750449,1.0475797382833036,1.0696888688342607,1.05830721720757,11.992702007293701,50,10,1,1,1.2,0.9,1,0.5,0.9
1.0583147522023466,1.0489919371201786,1.0669033966768957,1.0590489228099653,12.260902166366577,50,10,1,1,1.4,0.1,1,0.5,0.9
1.0587603580328269,1.0497310419520447,1.0673124780351202,1.0592375541113153,11.537713050842285,50,10,1,1,1.4,0.3,1,0.5,0.9
1.057240366017531,1.0480786069911958,1.064851791683376,1.0587906993780203,11.933624982833862,50,10,1,1,1.4,0.5,1,0.5,0.9
1.0575358018088508,1.0479271067328337,1.066429854013739,1.0582504446799792,12.059594869613647,50,10,1,1,1.4,0.7,1,0.5,0.9
1.0560165251744902,1.0500394531922819,1.0569118944123825,1.0610982279188061,11.708154201507568,50,10,1,1,1.4,0.9,1,0.5,0.9
1.056256292819869,1.0508056116417126,1.0563156273417584,1.061647639476136,11.92657208442688,50,10,1,1,1.6,0.1,1,0.5,0.9
1.0562946676062985,1.0498414207117086,1.0595907574885133,1.059451824618674,12.123873233795166,50,10,1,1,1.6,0.3,1,0.5,0.9
1.058263666955148,1.0484681790841268,1.0650414566767346,1.0612813651045827,12.518231868743896,50,10,1,1,1.6,0.5,1,0.5,0.9
1.0575848370582375,1.0491163837609758,1.0617340958775137,1.0619040315362234,12.243353128433228,50,10,1,1,1.6,0.7,1,0.5,0.9
1.0562852135892542,1.0500275496005533,1.0625262261438937,1.0563018650233156,12.303082942962646,50,10,1,1,1.6,0.9,1,0.5,0.9
1.0579891885490433,1.048546093502713,1.0645356833611117,1.0608857887833052,11.979571104049683,50,10,1,1,1.8,0.1,1,0.5,0.9
1.0573693129097708,1.0481294677922175,1.0643819679416575,1.0595965029954375,11.82813572883606,50,10,1,1,1.8,0.3,1,0.5,0.9
1.0551907230484334,1.0469315336064546,1.0608663475418858,1.0577742879969598,12.184345245361328,50,10,1,1,1.8,0.5,1,0.5,0.9
1.0566132731402922,1.0485157934510405,1.0606927978747605,1.0606312280950756,12.113303899765015,50,10,1,1,1.8,0.7,1,0.5,0.9
1.0591673796197751,1.0494853951045577,1.0671364490870359,1.0608802946677318,11.83613896369934,50,10,1,1,1.8,0.9,1,0.5,0.9
1.0575940265878516,1.0493209091097646,1.0669926507914174,1.0564685198623724,11.915755033493042,50,10,1,1,0.2,0.1,1,0.5,0.9
1.055661156740275,1.0457022172243169,1.0619832636138866,1.0592979893826218,11.929549217224121,50,10,1,1,0.2,0.3,1,0.5,0.9
1.0565583387763462,1.0471090053376788,1.062410939579303,1.0601550714120564,12.411587953567505,50,10,1,1,0.2,0.5,1,0.5,0.9
1.0552862368593068,1.047999610427907,1.059442000630977,1.058417099519036,10.85310983657837,50,10,1,1,0.2,0.7,1,0.5,0.9
1.0569932460046865,1.0474855916941788,1.0655385525090013,1.057955593810879,12.002734184265137,50,10,1,1,0.2,0.9,1,0.5,0.9
1.0561319687968642,1.0495189415903379,1.0603060300451663,1.0585709347550885,11.87431287765503,50,10,1,1,0.4,0.1,1,0.5,0.9
1.0565862752556099,1.0503651787477601,1.057048254865124,1.0623453921539452,11.233738899230957,50,10,1,1,0.4,0.3,1,0.5,0.9
1.0580110731738157,1.0477063492135061,1.0652286423891344,1.0610982279188061,11.827132940292358,50,10,1,1,0.4,0.5,1,0.5,0.9
1.0559042832383396,1.0478784102212175,1.06323406085767,1.0566003786361315,12.163347959518433,50,10,1,1,0.4,0.7,1,0.5,0.9
1.0589322998949928,1.0487960689290103,1.067618669233549,1.0603821615224194,11.398334980010986,50,10,1,1,0.4,0.9,1,0.5,0.9
1.0564701309485842,1.0475158917458511,1.065805075212087,1.0560894258878148,11.600670337677002,50,10,1,1,0.6,0.1,1,0.5,0.9
1.0566458201935598,1.0479000531152691,1.0626972965300603,1.0593401109353502,12.057466745376587,50,10,1,1,0.6,0.3,1,0.5,0.9
1.0572259783562439,1.047957406784506,1.0637943783543897,1.0599261499298356,11.523009061813354,50,10,1,1,0.6,0.5,1,0.5,0.9
1.0572378210201123,1.0477875100662002,1.064986912495638,1.0589390404984995,11.764023780822754,50,10,1,1,0.6,0.7,1,0.5,0.9
1.0586302231405822,1.0485579970944414,1.0686079023361645,1.0587247699911408,12.38113522529602,50,10,1,1,0.6,0.9,1,0.5,0.9
1.0580279241308859,1.0472172198079372,1.0684641040405463,1.0584024485441739,12.535365104675293,50,10,1,1,0.8,0.1,1,0.5,0.9
1.056018289787569,1.04863266507892,1.060353136383386,1.059069067900401,11.715821027755737,50,10,1,1,0.8,0.3,1,0.5,0.9
1.0581998482485042,1.0493457984379242,1.0651517846794072,1.060101961628181,12.228084087371826,50,10,1,1,0.8,0.5,1,0.5,0.9
1.053968402318653,1.0464727042525581,1.0606927978747605,1.0547397048286409,11.532653093338013,50,10,1,1,0.8,0.7,1,0.5,0.9
1.0572923030079344,1.0488977905310535,1.06349066643692,1.0594884520558294,11.415627002716064,50,10,1,1,0.8,0.9,1,0.5,0.9
1.0579361143745107,1.0506238113316781,1.0637125620827448,1.0594719697091095,11.998744010925293,50,10,1,1,1,0.1,1,0.5,0.9
1.055956121331632,1.0481164820557864,1.064557996889742,1.055193885049367,11.663690090179443,50,10,1,1,1,0.3,1,0.5,0.9
1.0582784663559817,1.0496671954145922,1.0652274027486548,1.0599408009046978,11.153526067733765,50,10,1,1,1,0.5,1,0.5,0.9
1.0548597171267267,1.0480569640971442,1.0584713621355535,1.0580508251474827,11.596167802810669,50,10,1,1,1,0.7,1,0.5,0.9
1.057986692864926,1.0480861820041139,1.0683798084879423,1.0574940881027217,11.93162202835083,50,10,1,1,1,0.9,1,0.5,0.9
1.05867017924471,1.0482041357766958,1.0674773502188895,1.0603290517385442,12.453798770904541,50,10,1,1,1.2,0.1,1,0.5,0.9
1.0563954832085978,1.0479303531669415,1.0594692727215254,1.0617868237373262,12.222011804580688,50,10,1,1,1.2,0.3,1,0.5,0.9
1.057822939935925,1.0475678346915753,1.0681120461443772,1.057788938971822,12.292121171951294,50,10,1,1,1.2,0.5,1,0.5,0.9
1.0557133299454928,1.045728188697179,1.0629067957710905,1.0585050053682088,12.32261610031128,50,10,1,1,1.2,0.7,1,0.5,0.9
1.0598947932276357,1.0503673430371654,1.0679459343201285,1.0613711023256134,12.04928994178772,50,10,1,1,1.2,0.9,1,0.5,0.9
1.0592472220086122,1.050198528463562,1.0674265249592314,1.0601166126030432,11.747811079025269,50,10,1,1,1.4,0.1,1,0.5,0.9
1.0564362348895566,1.0491986267583724,1.0637807423091155,1.0563293356011823,12.123388767242432,50,10,1,1,1.4,0.3,1,0.5,0.9
1.0566823424395835,1.0497104812026956,1.0626080424155386,1.0577285037005157,12.46492600440979,50,10,1,1,1.4,0.5,1,0.5,0.9
1.0568445146081213,1.047861095905976,1.0631931527218477,1.0594792951965406,11.515795946121216,50,10,1,1,1.4,0.7,1,0.5,0.9
1.0559526563106043,1.050072999678062,1.0613237748788096,1.0564611943749413,11.608559131622314,50,10,1,1,1.4,0.9,1,0.5,0.9
1.0575886076679708,1.048849094019437,1.0664372918566158,1.0574794371278595,12.18832278251648,50,10,1,1,1.6,0.1,1,0.5,0.9
1.0576802981855957,1.0483675396267864,1.0648790637739243,1.0597942911560765,11.693640947341919,50,10,1,1,1.6,0.3,1,0.5,0.9
1.0552419670706765,1.0484811648205579,1.0578093941195175,1.0594353422719542,11.952282905578613,50,10,1,1,1.6,0.5,1,0.5,0.9
1.0596200992517522,1.0495070379986093,1.0687678159580158,1.0605854437986315,11.718804836273193,50,10,1,1,1.6,0.7,1,0.5,0.9
1.0592433618406876,1.04762843479492,1.0704227359981058,1.059678914729037,11.822259902954102,50,10,1,1,1.6,0.9,1,0.5,0.9
1.0570526103534243,1.0463071361130625,1.0665562973426448,1.0582943976045656,11.756144762039185,50,10,1,1,1.8,0.1,1,0.5,0.9
1.0557827247033085,1.0498057099365232,1.0613944343861392,1.0561480297872632,11.833979845046997,50,10,1,1,1.8,0.3,1,0.5,0.9
1.0549486496687688,1.0501346819261093,1.0555011835467478,1.0592100835334488,12.363164186477661,50,10,1,1,1.8,0.5,1,0.5,0.9
1.0574851874683273,1.0484551933476958,1.0660740771961317,1.0579262918611545,12.352578163146973,50,10,1,1,1.8,0.7,1,0.5,0.9
1.0593680786495179,1.0475862311515192,1.0689289692203467,1.0615890355766875,11.622080087661743,50,10,1,1,1.8,0.9,1,0.5,0.9
1.0547561593031567,1.0484811648205579,1.0600147145324912,1.055772598556421,11.967581987380981,50,10,1,1,0.2,0.1,1,0.5,0.9
1.0556208743104025,1.0471393053893512,1.0632328212171906,1.0564904963246655,12.265068054199219,50,10,1,1,0.2,0.3,1,0.5,0.9
1.0580582337592563,1.047921696009321,1.0668451335743607,1.0594078716940876,11.299667835235596,50,10,1,1,0.2,0.5,1,0.5,0.9
1.0578812066696528,1.0489053655439715,1.0652150063438601,1.059523248121127,11.964236974716187,50,10,1,1,0.2,0.7,1,0.5,0.9
1.0580073934776084,1.0472518484384201,1.0654889668898226,1.0612813651045827,12.680537223815918,50,10,1,1,0.2,0.9,1,0.5,0.9
1.0569831501589013,1.047225876965558,1.066178206996407,1.0575453665147392,12.090879917144775,50,10,1,1,0.4,0.1,1,0.5,0.9
1.0590278277739535,1.0485028077146097,1.069350446983366,1.0592302286238844,12.476688861846924,50,10,1,1,0.4,0.3,1,0.5,0.9
1.0559842679091231,1.046684804614265,1.0628435741066375,1.058424425006467,12.105201005935669,50,10,1,1,0.4,0.5,1,0.5,0.9
1.0583636699059067,1.047571081125683,1.0654455794730413,1.0620743491189957,11.599743127822876,50,10,1,1,0.4,0.7,1,0.5,0.9
1.0582348347250268,1.048324253838683,1.0685198878621223,1.0578603624742748,12.241714000701904,50,10,1,1,0.4,0.9,1,0.5,0.9
1.0570300717323038,1.05077098301123,1.0617043445060064,1.0586148876796748,12.087097883224487,50,10,1,1,0.6,0.1,1,0.5,0.9
1.056317117142497,1.0483253359833855,1.0638278486473354,1.0567981667967703,12.171450853347778,50,10,1,1,0.6,0.3,1,0.5,0.9
1.0586159492876785,1.048778754613769,1.0680513037608832,1.0590177894883834,12.03915786743164,50,10,1,1,0.6,0.5,1,0.5,0.9
1.0542618350314483,1.0474855916941788,1.0594320835071414,1.055867829893025,11.98409914970398,50,10,1,1,0.6,0.7,1,0.5,0.9
1.0585918481851528,1.0489399941744544,1.0686748429220558,1.0581607074589487,12.633286714553833,50,10,1,1,0.6,0.9,1,0.5,0.9
1.0570828577375329,1.0472085626503167,1.0618283085539533,1.0622117020083282,11.988000869750977,50,10,1,1,0.8,0.1,1,0.5,0.9
1.057949610812999,1.0489605549238035,1.0672257032015575,1.057662574313636,11.659335136413574,50,10,1,1,0.8,0.3,1,0.5,0.9
1.0559438755598605,1.050532911176661,1.060332062495235,1.0569666530076849,11.85845398902893,50,10,1,1,0.8,0.5,1,0.5,0.9
1.059066854680635,1.0499615387736956,1.0690764864374034,1.0581625388308065,11.501137018203735,50,10,1,1,0.8,0.7,1,0.5,0.9
1.0579531491112804,1.0474931667070968,1.0665848090736725,1.059781471553072,11.85009217262268,50,10,1,1,0.8,0.9,1,0.5,0.9
1.056655692557966,1.047534288205795,1.0650687287672829,1.0573640607008201,11.438013076782227,50,10,1,1,1,0.1,1,0.5,0.9
1.0575767638440678,1.0490395514870923,1.0669951300723763,1.0566956099727354,11.768736839294434,50,10,1,1,1,0.3,1,0.5,0.9
1.0559902500014566,1.0480439783607132,1.0607386645725008,1.0591881070711557,12.4500150680542,50,10,1,1,1,0.5,1,0.5,0.9
1.05660870292029,1.0487397974044759,1.0631819959575324,1.0579043153988614,12.204100131988525,50,10,1,1,1,0.7,1,0.5,0.9
1.0572932218682913,1.0494648343552087,1.0634757907511663,1.0589390404984995,12.378199100494385,50,10,1,1,1,0.9,1,0.5,0.9
1.057076702787135,1.0461859359063728,1.0665538180616858,1.0584903543933466,11.585827112197876,50,10,1,1,1.2,0.1,1,0.5,0.9
1.0577746470806133,1.0479184495752132,1.0646497302852227,1.0607557613814038,11.813220024108887,50,10,1,1,1.2,0.3,1,0.5,0.9
1.058216300061997,1.0483642931926787,1.0682905543734207,1.0579940526198919,11.970469951629639,50,10,1,1,1.2,0.5,1,0.5,0.9
1.0566251628332537,1.047055980247252,1.063472071829728,1.0593474364227813,12.194305896759033,50,10,1,1,1.2,0.7,1,0.5,0.9
1.0555664343794708,1.047471523813045,1.0607374249320212,1.0584903543933466,12.356023073196411,50,10,1,1,1.2,0.9,1,0.5,0.9
1.052920303039105,1.0475234667587692,1.0517215197248495,1.0595159226336959,11.475473165512085,50,10,1,1,1.4,0.1,1,0.5,0.9
1.0527456144890384,1.046883919239541,1.0549210318023567,1.0564318924252172,12.266046285629272,50,10,1,1,1.4,0.3,1,0.5,0.9
1.0600609497803093,1.0490958230116267,1.0713586645601043,1.0597283617691968,11.777926206588745,50,10,1,1,1.4,0.5,1,0.5,0.9
1.0572644628069536,1.0495860345618981,1.0603692517096193,1.0618381021493437,12.330767154693604,50,10,1,1,1.4,0.7,1,0.5,0.9
1.0577630973736178,1.0491520945361612,1.0658373058645532,1.058299891720139,12.005120038986206,50,10,1,1,1.4,0.9,1,0.5,0.9
1.0577537874681504,1.048961637068506,1.0661298610177077,1.0581698643182376,12.40863299369812,50,10,1,1,1.6,0.1,1,0.5,0.9
1.0590014746845842,1.0467962655186314,1.069673993148507,1.060534165386614,12.326952934265137,50,10,1,1,1.6,0.3,1,0.5,0.9
1.0576933274120826,1.0463428468882479,1.0668476128553197,1.0598895224926803,12.46393609046936,50,10,1,1,1.6,0.5,1,0.5,0.9
1.0574298979040087,1.0484768362417476,1.0656228480616052,1.058190009408673,12.31846570968628,50,10,1,1,1.6,0.7,1,0.5,0.9
1.0558274176753335,1.0471338946658382,1.0630667093929418,1.0572816489672208,12.024882078170776,50,10,1,1,1.6,0.9,1,0.5,0.9
1.0577895240906745,1.0469661622369373,1.066996369712856,1.0594060403222298,12.092177152633667,50,10,1,1,1.8,0.1,1,0.5,0.9
1.057981560355983,1.0473611450533813,1.066620758647577,1.0599627773669908,12.443256139755249,50,10,1,1,1.8,0.3,1,0.5,0.9
1.0581801668122013,1.0491748195749155,1.0646410528018664,1.0607246280598217,12.417994022369385,50,10,1,1,1.8,0.5,1,0.5,0.9
1.0554063020788924,1.0468265655703037,1.060922131363462,1.0584702093029112,12.30332612991333,50,10,1,1,1.8,0.7,1,0.5,0.9
1.0588319669048738,1.0491942981795621,1.067844283800812,1.0594573187342473,12.471065044403076,50,10,1,1,1.8,0.9,1,0.5,0.9
1.0560862150950372,1.0462465360097177,1.063851401816445,1.0581607074589487,11.844283819198608,50,10,1,1,0.2,0.1,1,0.5,0.9
1.0564609125751312,1.048230107249558,1.0645009734276865,1.056651657048149,12.229131937026978,50,10,1,1,0.2,0.3,1,0.5,0.9
1.054742403017073,1.0484454540453725,1.058353596290004,1.057428158715842,11.891528129577637,50,10,1,1,0.2,0.5,1,0.5,0.9
1.0569970844279017,1.0470473230896313,1.0679955199393072,1.0559484102547667,12.227757930755615,50,10,1,1,0.2,0.7,1,0.5,0.9
1.0553094074486027,1.047419580867321,1.058311448513702,1.060197192964785,12.138022184371948,50,10,1,1,0.2,0.9,1,0.5,0.9
1.0559367262259036,1.0484606040712088,1.059020522867958,1.0603290517385442,12.84952425956726,50,10,1,1,0.4,0.1,1,0.5,0.9
1.056716381880622,1.0492851983345792,1.0615146795126478,1.0593492677946392,12.091987133026123,50,10,1,1,0.4,0.3,1,0.5,0.9
1.0554594866570897,1.0469704908157478,1.0611080774353823,1.058299891720139,11.959643840789795,50,10,1,1,0.4,0.5,1,0.5,0.9
1.0573385309366026,1.0482214500919371,1.0639394162904874,1.0598547264273828,11.358823299407959,50,10,1,1,0.4,0.7,1,0.5,0.9
1.0583688339269266,1.0489183512804026,1.0655422714304397,1.0606458790699378,12.549001932144165,50,10,1,1,0.4,0.9,1,0.5,0.9
1.0581246083720723,1.0493685234766785,1.0663244845729842,1.0586808170665543,11.704780101776123,50,10,1,1,0.6,0.1,1,0.5,0.9
1.0558915850549997,1.0497743277401481,1.0577325364097905,1.0601678910150607,11.985634088516235,50,10,1,1,0.6,0.3,1,0.5,0.9
1.0564690442296907,1.0486965116163725,1.0596490205910483,1.0610616004816509,12.268935203552246,50,10,1,1,0.6,0.5,1,0.5,0.9
1.0565927823217323,1.0491044801692475,1.0623886260506727,1.0582852407452767,11.977785110473633,50,10,1,1,0.6,0.7,1,0.5,0.9
1.0564929619095083,1.0503803287735964,1.0597804224818719,1.0593181344730571,11.712514162063599,50,10,1,1,0.6,0.9,1,0.5,0.9
1.0562913444899564,1.0484844112546656,1.0627270479015676,1.057662574313636,12.202415704727173,50,10,1,1,0.8,0.1,1,0.5,0.9
1.0563163333346466,1.048018006887851,1.0635687637871265,1.0573622293289624,12.588597059249878,50,10,1,1,0.8,0.3,1,0.5,0.9
1.0565750385540313,1.0479195317199157,1.0651319504317358,1.0566736335104423,12.252202987670898,50,10,1,1,0.8,0.5,1,0.5,0.9
1.0578700992745909,1.0479833782573682,1.0670633102987472,1.0585636092676574,12.773091793060303,50,10,1,1,0.8,0.7,1,0.5,0.9
1.0568001060206373,1.048451946913588,1.0658149923359228,1.0561333788124012,12.560736179351807,50,10,1,1,0.8,0.9,1,0.5,0.9
1.0578166373847389,1.0496661132698897,1.0652348405915317,1.0585489582927952,12.38505506515503,50,10,1,1,1,0.1,1,0.5,0.9
1.0566859806983475,1.0489919371201786,1.0617973175419664,1.0592686874328974,12.400359153747559,50,10,1,1,1,0.3,1,0.5,0.9
1.0584268608845455,1.048922679859213,1.066798027236141,1.0595598755582822,12.343048095703125,50,10,1,1,1,0.5,1,0.5,0.9
1.0546213919146805,1.0462465360097177,1.0582482268492492,1.0593694128850746,12.888458251953125,50,10,1,1,1,0.7,1,0.5,0.9
1.0543586241165983,1.045359177353597,1.0590267210703552,1.058689973925843,12.894370079040527,50,10,1,1,1,0.9,1,0.5,0.9
1.0571712479512139,1.0481218927792992,1.062322925105261,1.0610689259690818,12.264864921569824,50,10,1,1,1.2,0.1,1,0.5,0.9
1.0581947912917167,1.0464034469915926,1.067579000738206,1.0606019261453514,12.158997058868408,50,10,1,1,1.2,0.3,1,0.5,0.9
1.0530180101632307,1.048311268102252,1.0525967059033539,1.0581460564840866,12.741883993148804,50,10,1,1,1.2,0.5,1,0.5,0.9
1.0571350915107913,1.0494550950528854,1.0626613469561559,1.0592888325233327,11.801719665527344,50,10,1,1,1.2,0.7,1,0.5,0.9
1.055394874159249,1.0493241555438724,1.0594469591928948,1.0574135077409799,11.149909019470215,50,10,1,1,1.2,0.9,1,0.5,0.9
1.056304800608176,1.0476327633737303,1.0603518967429066,1.0609297417078916,11.617883920669556,50,10,1,1,1.4,0.1,1,0.5,0.9
1.0548176666034503,1.0474942488517993,1.0616696345725813,1.0552891163859708,11.414567947387695,50,10,1,1,1.4,0.3,1,0.5,0.9
1.0571428282602129,1.0477658671721486,1.0658608590336631,1.0578017585748265,11.98239016532898,50,10,1,1,1.4,0.5,1,0.5,0.9
1.0569664864432966,1.0493371412803034,1.0621617718429301,1.0594005462066565,11.48901891708374,50,10,1,1,1.4,0.7,1,0.5,0.9
1.0566580231332168,1.0502905107632818,1.0602775183141386,1.0594060403222298,11.650002002716064,50,10,1,1,1.4,0.9,1,0.5,0.9
1.0560886168282997,1.0478708352082993,1.0630840643596544,1.057310950916945,11.663173913955688,50,10,1,1,1.6,0.1,1,0.5,0.9
1.0595362099526227,1.0481002498852476,1.0699082851991266,1.0606000947734937,10.618872880935669,50,10,1,1,1.6,0.3,1,0.5,0.9
1.0555015800408105,1.0471869197562649,1.0633034807245203,1.0560143396416464,10.646164417266846,50,10,1,1,1.6,0.5,1,0.5,0.9
1.0571805841610369,1.0473600629086788,1.06453940228255,1.0596422872918818,10.599185943603516,50,10,1,1,1.6,0.7,1,0.5,0.9
1.0570678577012134,1.0484800826758554,1.0634200069295903,1.059303483498195,10.44492506980896,50,10,1,1,1.6,0.9,1,0.5,0.9
1.055945238446714,1.047395773683864,1.0615320344793604,1.0589079071769174,10.268111944198608,50,10,1,1,1.8,0.1,1,0.5,0.9
1.0564622807828357,1.0477442242780968,1.0651740982080378,1.0564685198623724,10.545009851455688,50,10,1,1,1.8,0.3,1,0.5,0.9
1.056290343058192,1.047087362443627,1.0614179875552492,1.0603656791756995,10.70454216003418,50,10,1,1,1.8,0.5,1,0.5,0.9
1.0574248764957217,1.0473687200662993,1.0661298610177077,1.0587760484031583,11.688273191452026,50,10,1,1,1.8,0.7,1,0.5,0.9
1.05694345755851,1.0482257786707476,1.0658137526954432,1.0567908413093392,11.78930401802063,50,10,1,1,1.8,0.9,1,0.5,0.9
1.0578235747009448,1.048368621771489,1.0671153751988849,1.0579867271324608,11.269298791885376,50,10,1,1,0.2,0.1,1,0.5,0.9
1.058023306987889,1.0480569640971442,1.066189363760722,1.0598235931058007,11.467806100845337,50,10,1,1,0.2,0.3,1,0.5,0.9
1.059289569943176,1.0495622273784413,1.066798027236141,1.0615084552149459,11.397654056549072,50,10,1,1,0.2,0.5,1,0.5,0.9
1.0599597851956526,1.049657456112269,1.069856220298989,1.0603656791756995,11.837157964706421,50,10,1,1,0.2,0.7,1,0.5,0.9
1.0571717506756724,1.04728106634539,1.0674488384878618,1.056785347193766,11.200618982315063,50,10,1,1,0.2,0.9,1,0.5,0.9
1.0555781393500554,1.047735567120476,1.0639294991666517,1.0550693517630387,10.40848422050476,50,10,1,1,0.4,0.1,1,0.5,0.9
1.058132350673224,1.0483383217198166,1.068249646237598,1.0578090840622574,10.818228006362915,50,10,1,1,0.4,0.3,1,0.5,0.9
1.056734471688461,1.0460917893172479,1.0655992948924953,1.05851233085564,10.834202289581299,50,10,1,1,0.4,0.5,1,0.5,0.9
1.0575827374779152,1.0489518977661827,1.0626687847990326,1.0611275298685303,10.45027208328247,50,10,1,1,0.4,0.7,1,0.5,0.9
1.0579275491675058,1.0487181545104243,1.0633729005913706,1.0616915924007224,10.371097087860107,50,10,1,1,0.4,0.9,1,0.5,0.9
1.0579711136684071,1.049411809264782,1.064536923001591,1.0599646087388486,10.60777497291565,50,10,1,1,0.6,0.1,1,0.5,0.9
1.0542327158137084,1.0477009384899933,1.0592758888067282,1.0557213201444036,10.414968013763428,50,10,1,1,0.6,0.3,1,0.5,0.9
1.0556205767759428,1.0482593251565278,1.060800646596474,1.0578017585748265,12.232064962387085,50,10,1,1,0.6,0.5,1,0.5,0.9
1.0589591473332467,1.0501390105049198,1.0686711240006173,1.0580673074942026,11.874738931655884,50,10,1,1,0.6,0.7,1,0.5,0.9
1.0577174087678323,1.0493804270684068,1.0639555316167206,1.0598162676183696,12.020378112792969,50,10,1,1,0.6,0.9,1,0.5,0.9
1.0586534728452393,1.0484973969910967,1.0671339698060769,1.0603290517385442,11.650991201400757,50,10,1,1,0.8,0.1,1,0.5,0.9
1.0570534258611444,1.0483080216681442,1.0645084112705634,1.0583438446447253,11.891664028167725,50,10,1,1,0.8,0.3,1,0.5,0.9
1.0575584207561541,1.047325434278196,1.0662587836275723,1.059091044362694,11.308305978775024,50,10,1,1,0.8,0.5,1,0.5,0.9
1.0548882582207524,1.048451946913588,1.0584403711235668,1.057772456625102,11.039766073226929,50,10,1,1,0.8,0.7,1,0.5,0.9
1.0575777197979963,1.0464283363197522,1.0673657825757374,1.0589390404984995,10.628767967224121,50,10,1,1,0.8,0.9,1,0.5,0.9
1.0574654477353571,1.0474682773789372,1.0671116562774463,1.0578164095496885,10.518671989440918,50,10,1,1,1,0.1,1,0.5,0.9
1.0580902226347129,1.0480353212030924,1.065474091204069,1.0607612554969772,10.428225994110107,50,10,1,1,1,0.3,1,0.5,0.9
1.0539840403717438,1.0459089068625107,1.0584465693259641,1.0575966449267566,10.374276161193848,50,10,1,1,1,0.5,1,0.5,0.9
1.0575396850348449,1.0475288774822822,1.0660430861841448,1.0590470914381076,10.718823909759521,50,10,1,1,1,0.7,1,0.5,0.9
1.0551888820164173,1.048891297662838,1.0584267350782925,1.0582486133081215,10.394556999206543,50,10,1,1,1,0.9,1,0.5,0.9
1.0589354031505351,1.0504420110216437,1.0671339698060769,1.0592302286238844,10.435532093048096,50,10,1,1,1.2,0.1,1,0.5,0.9
1.0562923419286072,1.049074180117575,1.064052223574119,1.055750622094128,9.220911741256714,50,10,1,1,1.2,0.3,1,0.5,0.9
1.05879739941743,1.0495362559055792,1.066993890431897,1.0598620519148136,12.3609459400177,50,10,1,1,1.2,0.5,1,0.5,0.9
1.0560823356385713,1.0482041357766958,1.0621605322024505,1.0578823389365681,11.380121946334839,50,10,1,1,1.2,0.7,1,0.5,0.9
1.0574886298874997,1.0490525372235233,1.0652819469297514,1.0581314055092244,11.558028936386108,50,10,1,1,1.2,0.9,1,0.5,0.9
1.056692126897527,1.044363604227218,1.0650687287672829,1.06064404769808,11.380721807479858,50,10,1,1,1.4,0.1,1,0.5,0.9
1.0571852287306416,1.0482214500919371,1.0634795096726049,1.0598547264273828,11.975927114486694,50,10,1,1,1.4,0.3,1,0.5,0.9
1.0562771446297108,1.0465322222112003,1.0650761666101598,1.0572230450677722,11.879923343658447,50,10,1,1,1.4,0.5,1,0.5,0.9
1.0569534687367028,1.0477496350016098,1.0630729075953391,1.0600378636131593,10.59964108467102,50,10,1,1,1.4,0.7,1,0.5,0.9
1.056785284974498,1.047623024071407,1.0637150413637038,1.0590177894883834,10.448785781860352,50,10,1,1,1.4,0.9,1,0.5,0.9
1.0575486595230716,1.0488707369134889,1.067497184466561,1.0562780571891648,10.310462951660156,50,10,1,1,1.6,0.1,1,0.5,0.9
1.0568222245720378,1.0473990201179717,1.063896028873706,1.0591716247244358,10.732752799987793,50,10,1,1,1.6,0.3,1,0.5,0.9
1.0602465415883169,1.0491336980762171,1.073743732842601,1.0578621938461328,10.757258892059326,50,10,1,1,1.6,0.5,1,0.5,0.9
1.0560708568710775,1.0485244506086613,1.0591246526682332,1.0605634673363382,10.82716703414917,50,10,1,1,1.6,0.7,1,0.5,0.9
1.0584728539893555,1.0474985774306098,1.067883952296155,1.0600360322413016,10.478139877319336,50,10,1,1,1.6,0.9,1,0.5,0.9
1.0552710849992122,1.0481651785674027,1.058080875384521,1.0595672010457133,9.802799940109253,50,10,1,1,1.8,0.1,1,0.5,0.9
1.0559332255195704,1.0484248932960234,1.0598002567295433,1.0595745265331444,11.75724196434021,50,10,1,1,1.8,0.3,1,0.5,0.9
1.0575166672184155,1.0487884939160923,1.0647290672759087,1.0590324404632454,11.331283807754517,50,10,1,1,1.8,0.5,1,0.5,0.9
1.0573544731312676,1.048172753580321,1.0622063989001909,1.0616842669132913,11.418668031692505,50,10,1,1,1.8,0.7,1,0.5,0.9
1.0572450263062654,1.0474076772755925,1.0647290672759087,1.0595983343672954,12.479129076004028,50,10,1,1,1.8,0.9,1,0.5,0.9
1.0570376597024305,1.0482950359317131,1.0656315255449615,1.057186417630617,11.63791799545288,50,10,1,1,0.2,0.1,1,0.5,0.9
1.055704475255067,1.0484238111513209,1.0618456635206657,1.0568439510932146,11.228742837905884,50,10,1,1,0.2,0.3,1,0.5,0.9
1.0544601806742036,1.0480786069911958,1.0553226753177043,1.0599792597137108,10.979804039001465,50,10,1,1,0.2,0.5,1,0.5,0.9
1.0545682019699771,1.0492689661640404,1.0541065880073461,1.0603290517385442,10.728958129882812,50,10,1,1,0.2,0.7,1,0.5,0.9
1.0576327590721195,1.049801381357713,1.0651852549723528,1.0579116408862923,10.656506299972534,50,10,1,1,0.2,0.9,1,0.5,0.9
1.0571679674717596,1.048562325673252,1.0607225492462675,1.0622190274957592,10.595613956451416,50,10,1,1,0.4,0.1,1,0.5,0.9
1.0564008143016033,1.048208464355506,1.0620402870759422,1.0589536914733615,11.039255857467651,50,10,1,1,0.4,0.3,1,0.5,0.9
1.0568151458317878,1.0449317301960757,1.0641352794862433,1.0613784278130445,10.373118162155151,50,10,1,1,0.4,0.5,1,0.5,0.9
1.0565582681037788,1.0469445193428857,1.068193862416022,1.0545364225524287,10.615041017532349,50,10,1,1,0.4,0.7,1,0.5,0.9
1.0576898218027948,1.0482907073529026,1.0648654277286502,1.059913330326831,10.625479221343994,50,10,1,1,0.4,0.9,1,0.5,0.9
1.0585936893171517,1.0484551933476958,1.0669455444531977,1.0603803301505617,12.139259815216064,50,10,1,1,0.6,0.1,1,0.5,0.9
1.0573560983904235,1.0495762952595749,1.064138998407682,1.0583530015040141,11.578744888305664,50,10,1,1,0.6,0.3,1,0.5,0.9
1.0569670140588114,1.0467886905057133,1.0620911123356005,1.0620212393351205,11.761446952819824,50,10,1,1,0.6,0.5,1,0.5,0.9
1.0570077601195205,1.046645847404972,1.06488898089776,1.0594884520558294,11.310189962387085,50,10,1,1,0.6,0.7,1,0.5,0.9
1.0569998936212204,1.049570884536062,1.0615667444127854,1.0598620519148136,11.649547100067139,50,10,1,1,0.6,0.9,1,0.5,0.9
1.0569705141067762,1.047589477585627,1.0653005415369434,1.0580215231977583,11.78311276435852,50,10,1,1,0.8,0.1,1,0.5,0.9
1.058346993339743,1.0482117107896138,1.0655918570496186,1.0612374121799963,11.576929092407227,50,10,1,1,0.8,0.3,1,0.5,0.9
1.0593955168362121,1.0498565707375447,1.0686364140671922,1.0596935657038993,10.64552092552185,50,10,1,1,0.8,0.5,1,0.5,0.9
1.058515126235879,1.0482950359317131,1.067441400644985,1.0598089421309385,11.026790857315063,50,10,1,1,0.8,0.7,1,0.5,0.9
1.0548881548363787,1.0485471756474156,1.055954891962233,1.0601623968994875,10.69711685180664,50,10,1,1,0.8,0.9,1,0.5,0.9
1.0574756012003783,1.049406398541269,1.0644860977419328,1.058534307317933,10.268374919891357,50,10,1,1,1,0.1,1,0.5,0.9
1.0592883226011978,1.0494464378952646,1.0693256541737766,1.059092875734552,10.423897981643677,50,10,1,1,1,0.3,1,0.5,0.9
1.0557213090778008,1.0493035947945233,1.0602105777282473,1.0576497547106318,10.59351396560669,50,10,1,1,1,0.5,1,0.5,0.9
1.056823594001229,1.0478264672754933,1.0647253483544703,1.0579189663737234,11.01658320426941,50,10,1,1,1,0.7,1,0.5,0.9
1.0527269651556008,1.0490254836059587,1.0495955363025615,1.0595598755582822,7.123932838439941,50,10,1,1,1,0.9,1,0.5,0.9
1.0551697600224914,1.0491650802725923,1.0592163860637138,1.0571278137311684,12.025559186935425,50,10,1,1,1.2,0.1,1,0.5,0.9
1.0559379717252684,1.0469272050276444,1.0609605602183254,1.0599261499298356,11.52028512954712,50,10,1,1,1.2,0.3,1,0.5,0.9
1.0583527442676786,1.0494334521588335,1.0645778311374134,1.0610469495067887,11.678725004196167,50,10,1,1,1.2,0.5,1,0.5,0.9
1.0574535187531942,1.0483502253115449,1.0651170747459822,1.0588932562020552,11.747850894927979,50,10,1,1,1.2,0.7,1,0.5,0.9
1.0585675978496358,1.0488274511253854,1.0684802193667793,1.0583951230567428,11.933599948883057,50,10,1,1,1.2,0.9,1,0.5,0.9
1.0569273633647625,1.047861095905976,1.0646943573424836,1.0582266368458282,11.5675950050354,50,10,1,1,1.4,0.1,1,0.5,0.9
1.0564994889439132,1.049602266732437,1.0607758537868848,1.0591203463124184,10.531234979629517,50,10,1,1,1.4,0.3,1,0.5,0.9
1.0558723346696646,1.0460744750020066,1.0635997547991132,1.0579427742078744,10.894206047058105,50,10,1,1,1.4,0.5,1,0.5,0.9
1.0563247872092434,1.0488707369134889,1.0619795446924483,1.0581240800217933,10.435277938842773,50,10,1,1,1.4,0.7,1,0.5,0.9
1.057276213982498,1.0494626700658034,1.0617365751584726,1.0606293967232179,10.49936294555664,50,10,1,1,1.4,0.9,1,0.5,0.9
1.0557779434549808,1.0474542094978037,1.0634770303916459,1.0564025904754928,10.858328819274902,50,10,1,1,1.6,0.1,1,0.5,0.9
1.055822211375549,1.048156521409782,1.0624295341864953,1.0568805785303699,10.930323362350464,50,10,1,1,1.6,0.3,1,0.5,0.9
1.0546493144727194,1.0491044801692475,1.057342049658758,1.0575014135901528,10.817511796951294,50,10,1,1,1.6,0.5,1,0.5,0.9
1.056250142958269,1.0489908549754758,1.0615109605912094,1.0582486133081215,7.0434250831604,50,10,1,1,1.6,0.7,1,0.5,0.9
1.0570473430598912,1.0488058082313336,1.064131560564805,1.0582046603835351,11.898519039154053,50,10,1,1,1.6,0.9,1,0.5,0.9
1.0552231466948399,1.047809152960252,1.0581465763299327,1.0597137107943346,11.923731088638306,50,10,1,1,1.8,0.1,1,0.5,0.9
1.0562426801503555,1.0475288774822822,1.0599031468893392,1.061296016079445,11.939875841140747,50,10,1,1,1.8,0.3,1,0.5,0.9
1.055657747248606,1.048156521409782,1.0592275428280291,1.0595891775080066,11.902122974395752,50,10,1,1,1.8,0.5,1,0.5,0.9
1.059734602679048,1.0493934128048379,1.0706607469701637,1.0591496482621425,11.80225682258606,50,10,1,1,1.8,0.7,1,0.5,0.9
1.0558392035353734,1.0488144653889544,1.0586597874884327,1.0600433577287327,11.953800916671753,50,10,1,1,1.8,0.9,1,0.5,0.9
